1, 0.8881888586227972
0.793001294328509, 1.3239367722545619, 1.5622421601680783, 1.5612328397720467, 0.712474642120261, 0.5414371936079866, 0.7004176902872954, 0.660627786111143, 0.8890091614601102, 0.8939414503918774, 0.9246566044647115, 0.9137964580759045, 0.7936304597430297, 1.336633647935345, 1.5674617487950107, 1.5591168404790394, 0.7311826311325185, 0.518870646131395, 0.6586322121522555, 0.6192890254902871, 0.9026725363622675, 0.8842376357964021, 0.8501369614390252, 0.908887317127405, 1.232463938768655, 1.2312922596115656, 1.4442616648079285, 1.464653856702269, 2.192355326030863, 1.507090577603871, 0.5912567591177501, 0.7556077829783869, 0.6802686541742801, 0.49315080614273415, 0.4855477510273639, 0.4786229080433626, 0.5125193155469522, 1.523257789531219, 1.5278620401462255, 1.4583866716108451, 1.7261403700500286, 3.0199475418806463, 0.6905661957823114, 0.8681088509276536, 1.3024168099200544, 1.5619200222415093, 3.2812724401656994, 1.5252528620383345, 1.5260028422231153, 1.461894174710557, 1.708109517234939, 3.044687776471684, 0.6691041577980318, 2.7761335807552174, 1.350847049966028, 1.1774013424160108, 0.8397103309699414, 1.0758217160932058, 0.7068219332315103, 0.8487670673664259, 0.8554077071998204, 0.5237978443669901, 1.022632475689744, 1.0367856158102564, 1.0258199181486685, 1.047379659773332, 1.0659846636538937, 1.0677524696769833, 0.6932120675719423, 0.5281030290445928, 1.041101200904237, 1.0449907241916712, 1.0463414526421415, 1.0510240928433985, 0.9866995566518738, 2.858085707640212, 2.034921120911285, 0.6107113760457845, 1.0068860389115128, 1.0070253507489244, 1.1136191035908465, 1.1111862880479997, 0.5983633673224761, 0.5826087186793641, 2.8851165908944116, 2.2682189689540175, 0.9122574996084859, 1.0220871828623068, 1.0424582134421765, 1.0474039130891601, 1.0974050381362288, 0.6421153637113961, 0.9150529450418693, 1.4300140018606562, 3.2124455919925, 2.5594191254948107, 0.9679916921882982, 1.035729684554131, 1.0462538304552955, 1.0393251409996946, 1.0876760925374604, 0.646689680804573, 1.6183730841454873, 0.9282523683832644, 1.5264352847224107, 1.517680573771502, 0.6999621148529515, 1.7390057483643002, 1.0859695557925186, 1.5433253984240003, 1.5553272726112926, 0.7136009361751834, 1.0147762090567656, 1.0193158727580935, 1.5038377513099033, 1.6086964308912355, 0.7126876244720631, 1.0270540149097027, 0.9955227935644035, 1.505649338623195, 1.5150079688417424, 0.7045927790673281, 1.1440908782127273, 1.8165431524028175, 1.0075129512626277, 1.0156558876748434, 0.6036758347298607, 1.2179113938752621, 0.6224039099860342, 0.979352709923621, 1.0696467709273059, 0.5962731845956877, 0.6536630759161132, 1.1533115576159956
13.95436751383583, 11.287299809806832, 12.829255054794935, 12.845017314848173, 14.51664406099662, 12.976679767349415, 13.62641320564006, 13.517826117773502, 13.869601882775767, 13.815587994511086, 13.84997108325395, 13.885413883682403, 13.95566262612524, 11.225101553711808, 12.827812684946455, 12.849407866624663, 14.198679657079722, 12.988982261907882, 13.72372719184786, 13.58252649753536, 13.902159270461398, 13.859603645961329, 13.850146024747106, 13.91846557373961, 12.037209300194773, 12.081987347728369, 11.866612222066731, 11.890200743697994, 11.57863850515641, 12.25270259848776, 10.759684193136719, 12.149383861333272, 12.103261995964921, 11.403420450654822, 11.434682903568454, 11.450791051934843, 11.396744691993831, 13.184786187187031, 13.187965763021735, 12.059452069777677, 21.777832308763717, 15.823803405309201, 15.374867314869304, 13.794269879051061, 14.492845671387695, 15.874557498418033, 17.82697785007276, 13.161229147318124, 13.148104116019027, 12.006648112481697, 21.78090119171427, 14.335977871838399, 14.631270539604534, 16.90620816355118, 15.06059624620767, 14.15922413105704, 13.776606370539314, 8.645004255223744, 8.350833628507736, 8.515513459079386, 8.334120751308308, 8.8524325359029, 8.934647075066497, 8.781960937810743, 8.75455404753983, 8.517797212332214, 8.513680009883581, 8.654709230360693, 8.509759432030977, 8.840914722272405, 8.735661075497973, 8.67647731204942, 8.677044253427866, 8.608635066466503, 8.595149052453209, 8.978834476277946, 8.67199247940331, 9.335812050701731, 8.627408939065129, 8.783008760230938, 8.777719241469573, 8.798436298429092, 9.170581188664439, 9.16993807456166, 8.671862877333375, 8.56302626864002, 8.617354803555285, 9.9532630578962, 8.611167907652998, 8.708369996324105, 8.88612239044027, 9.56017881481338, 8.622062189752995, 8.88534889282346, 8.70238262713366, 8.722978079883472, 8.706858900601326, 10.358319818964814, 8.620743082340281, 8.677226556528735, 8.824284178330364, 9.561139520167133, 8.940434868141889, 8.644781820330277, 8.061446487556884, 8.069737693655945, 7.917760430209216, 8.464477075533729, 8.017444928789393, 8.162383854928668, 8.143604707633633, 7.917835690141766, 9.738423943173867, 9.733056375421535, 8.104376036137497, 8.183590366248096, 7.983012753257, 9.221654070511091, 9.204647851483879, 8.028944167273462, 8.021520675202236, 7.886930207560888, 7.896795850965573, 8.38625605736616, 8.43984242362657, 8.375768635127004, 8.762506768925512, 8.899603952496028, 8.237375425095161, 8.440898799549421, 8.484155983552943, 8.876869737123831, 8.274533067781277, 8.845799065744506
1, 0.6865354402336695
-0.4617099212855691, -0.7555369585625841, -0.9520773051776419, -0.9396881244309397, 2.061426110666248, 1.5442172507383618, 2.0437119055370223, 1.9239399338493337, -0.5231122475773882, -0.5136195795954926, -0.531300905603118, -0.5359762338166899, -0.46279541457815637, -0.6863660834415419, -0.9604484722487958, -0.9391129316035981, 2.1723157438158376, 1.4914109184661892, 1.9223048550994861, 1.8159856675727117, -0.5551062620935184, -0.5372855633913955, -0.5146500446317039, -0.5544625384778624, -0.6673823206705962, -0.6943434998086545, -0.8927559867363227, -0.8867904672576634, 6.445924615502282, 4.26104636483519, 1.5339996493830208, 2.1702976286027975, 1.9455361885348903, -0.28465970840310384, -0.2581978692201914, -0.2563887308104046, -0.2938056444261663, -0.9086791022392804, -0.8932250975992199, -0.7807594404448817, -1.5523694276104902, 8.988425473483423, 2.111529635649578, -0.5160131854134736, -0.8185531466456699, -0.9859697675889983, -1.9812599338640018, -0.901029210768646, -0.8859020442375694, -0.7578456488358044, -1.5411633144801529, 9.052410586202189, 2.0233076321118633, -1.7113025255418068, -0.8832044831143427, -0.6981815027355943, -0.4937931504091235, -0.6147149712601494, -0.37146895093970256, -0.547712125802917, -0.49026204563083664, 1.5025280566933183, 2.909507559872884, 2.9912878940907626, 2.962803406383844, 3.0987493563330486, 3.1511535963411412, -0.6449602495229625, -0.3242099661422401, 1.5121045089859246, 2.845506010123197, 2.934768982890135, 2.968780585506492, 3.160189668232781, 2.9708479984753606, -1.6870131741968806, -1.0813414071152982, -0.13775806252156889, 2.820490360251896, 2.837959998070521, 3.0325621531719595, 3.058753969364064, 1.758986933757939, 1.709249698926875, -1.7427337041140174, -1.3032443707543755, -0.5584458706330508, -0.6865175515966251, 2.965832615790718, 2.988353875739492, 3.0427714448984258, 1.8181740764922594, 2.7293323683240134, 4.26235484137291, -1.9401736615477878, -1.4667522485204247, -0.5976623222824845, -0.7258200421304122, 2.991636638219835, 2.9592182946107846, 2.992712885588021, 1.829799591186211, 4.82226027961983, 2.7710680481663603, -0.9208651944187304, -0.8648808902148986, -0.33682251829745913, -1.0416142050448973, -0.8034843915864055, -0.9273672073034603, -0.8782886455077988, -0.3041036234983519, -0.6799415353530603, -0.6876039112157635, -0.9041844977655402, -0.9083852748451247, -0.3015179210160399, -0.7230616639921142, -0.61157487019111, -0.9081577451372318, -0.864303955110754, -0.32252292892539974, -0.8927678987739062, -1.0664461175072113, 2.9793918111489677, 2.923183724889238, 1.593961552792723, 3.5452436620357566, 1.8159974735120359, 2.896366661145822, 3.079526909701817, 1.5776898967633595, 1.9089549821274139, 3.3522878882666096
-5.132436489836402, -3.3839261104938543, -4.683670445573855, -4.603130361196212, -5.553830751916633, -4.8896675526114635, -5.206719669623868, -5.166385416513259, -5.298379074548586, -5.264748836809422, -5.280349189174733, -5.303968303450146, -5.11823084972886, -3.9754466302746674, -4.650363586400353, -4.624401340071046, -5.043809004518914, -4.240965087404436, -4.864715846493417, -4.81412160576827, -4.9081945382999095, -4.847720035614317, -4.845631915823064, -4.923212240601069, -4.3861833118707905, -3.809017288256768, -3.95909046333335, -3.936814814504932, -3.935855976289062, -3.670392491638912, -2.459881982640418, -4.613049465538575, -4.639374993615934, -3.7313873957406956, -3.538738727745277, -3.5260989229491457, -3.6188429420547563, -4.992890037202276, -5.012448759473924, -4.6771611077971516, -11.49468361625376, -6.0859555807835966, -6.271016301240844, -5.092922098993263, -5.682305080595261, -6.751823915009907, -8.233098928105353, -4.941917008843101, -4.910918531490413, -4.567815801787507, -11.456026293860802, -5.3624746226043225, -5.645325542518708, -7.495023137463523, -6.07073730637706, -5.3445465590583, -5.0255110975261506, 16.161247846532984, 15.503051648019756, 16.057828378406022, 15.668944584490081, 15.820077099494414, 14.433572653873433, 15.1505518772029, 15.236737908968554, 15.87444227510297, 15.869876637282237, 15.647767254659794, 14.94842335342452, 15.83308529322127, 15.26271931150688, 15.446148693225608, 15.428051519578846, 15.476490854342073, 15.458104198128769, 15.995012416003851, 14.670603380572603, 15.86595042207462, 15.486861445908442, 14.850457055984261, 15.318977413495837, 15.232804469984021, 15.69736358189424, 15.725324841850567, 15.873178668035104, 15.33322862833817, 15.520937348790882, 18.942869631617867, 15.717794503415321, 15.501732767990683, 15.549355415025996, 17.260264637413904, 15.606406360914082, 16.223552145644767, 15.889835739193266, 15.71662850944737, 15.62514193471238, 19.95947783795269, 15.782574161393832, 15.60277515699045, 15.748330906630953, 17.289753326951537, 16.329191902004215, 15.64360483817389, -2.960494229170833, -3.1521471790592486, -2.9300866315455756, -3.3122759809687783, -3.054269165593705, -2.962923110842661, -3.182169219795555, -2.8288005430885326, -4.061295139883047, -4.044105803162218, -2.9366668568184564, -3.1943795241504667, -2.8636737561520276, -3.6800394767395646, -3.737508668002384, -2.9439203373300327, -3.111206345865908, -2.897402713145932, -2.965488673173292, -3.2551513358712167, 15.625519242684414, 15.862009789007848, 16.264826233232473, 16.84717261896267, 15.295430327972406, 15.624715082950605, 16.115404811486513, 16.48965700222214, 15.395141581019622, 16.73793637452993
1, 0.5055225032813127
0.7196374364593608, 1.0400014150374675, 0.5749000052728089, 0.5916460878312614, -0.2727404621869394, -0.1964064766218124, -0.29281731493899277, -0.28160590785757833, 0.7258335851272435, 0.7536116895558101, 0.7835744767542983, 0.7223921296939678, 0.720816652779082, 1.0299303329598553, 0.6024711084753601, 0.5558384614094816, -0.3041341613220794, -0.19538172352270217, -0.2628404424167461, -0.26356432442145467, 0.7401416947472637, 0.7527392933267661, 0.7159995917878952, 0.7256369106757616, 1.0250016242479663, 1.0278412552772698, -0.11845573949682157, -0.0970918943260704, -0.8888337990241327, -0.5350664468145071, -0.1485762338167035, -0.2775224236206281, -0.2519832198948351, 0.39126338076813905, 0.4195811683266437, 0.3907376848083161, 0.3907019058573676, 1.3243209002844731, 1.316905808597522, 1.1039930126793902, -25.5437356902337, -1.318651482270788, -0.5158351163035526, 0.49906245953696693, -0.8974780104860806, -0.5050732480450513, 1.9090202286903608, 1.3170998365035231, 1.3157406303198762, 1.0930530713321343, -25.573719272224174, -1.3424781427044137, -0.4538855181307495, 1.5075585683173618, -1.5122968539494643, 0.11875387315478013, 0.5165679341247447, 0.9725048975242934, 0.5645722516717194, -1.8425635691868436, 0.7525601471627906, -0.19295374047087055, -0.3730132183562788, -0.42314800588709683, -0.41459537279147024, -0.4265940431629221, -0.4342050695265888, 1.0158229142796653, 0.6043506333567124, -0.19393672343243834, -0.3340870469525357, -0.3865771468790649, -0.3997511533947283, -0.4509875245518043, -0.42573132908288475, 2.449629396612162, 1.710984427700737, 0.49885189085191695, -0.3480730806986634, -0.3521116813870004, -0.40956390696948786, -0.4041014664650434, -0.2353517466869136, -0.22767649798402842, 2.1229873242840767, 1.5115503482303194, 0.3476997299990629, -4.515519950899495, -0.37826192367309763, -0.3829765440278294, -0.36638416110082866, -0.4460765329699472, -0.3820734284050391, -0.6088570721441924, 2.4460632837453047, 1.8024232679221526, 0.41297549806344236, -5.526494519117216, -0.3922254136085311, -0.37738577875811335, -0.3592421969565683, -0.44152861601338905, -0.6847994142679881, -0.3895989538081441, 1.2715342567709025, 1.2528529802299706, 0.5037450582300355, 0.7206685287467363, -8.382463540412807, 1.3342912720157243, 1.3296229041710463, 0.5010888617388393, -3.7415361835528924, -4.574742194976144, 1.2893438789801004, 1.3580146542957332, 0.49247061887447546, -5.558948795139129, -1.428339393299861, 1.2353766503545478, 1.224677414827408, 0.5049961036360834, -10.563439823613757, 0.9129441726920273, -0.41461955660677696, -0.3832902516432097, -0.16269875150508212, -0.4869140607544105, -0.28594788891713113, -0.40276040896674253, -0.4043089062052564, -0.1634438311272264, -0.2928968228051644, -0.46521267269039834
1.2405384096784369, 0.8790916050694999, 1.078188455756817, 1.0755876542235139, 1.3474073703112648, 1.079702011306688, 0.9962288480360452, 1.0277059728085227, 1.140329754688754, 1.171861678403151, 1.1635588085348494, 1.1207427157562213, 1.2390488146861762, 0.9061452855467603, 1.0781356055844584, 1.0733223757510155, 1.2437482570986689, 1.0421812159513997, 0.9289353711490668, 0.9359495274738419, 1.117161453273946, 1.1501178303166186, 1.1365440381733891, 1.1031915240380916, 0.9172250393197623, 0.8874481363989654, 0.8611162337220682, 0.8613443521479113, 0.8983580323043079, 1.035065180044317, 0.9058632685716005, 0.4135231118379337, 0.4982062218240334, 0.8100334533831843, 0.7974495227355894, 0.78490958350651, 0.8068357740225477, 0.5604057398292893, 0.5431524681746376, -0.09428889697675316, -27.6562081344996, -1.3288245006240689, -4.71314068566736, 0.7520526830236849, -2.482177820464061, -6.935080890028178, -12.895697438546113, 0.5425895341257566, 0.5547983016318597, -0.11273206290928614, -27.63544959011875, -0.35362673479645373, -2.1880175983868093, -10.006807594177968, -4.2448158744823115, -1.0942878212674132, 0.8415379193714129, -0.38931886403079025, -0.3702969614310453, -0.4013214201897374, -0.39113371900427574, -0.3482079129867568, -0.2540945800113245, -0.322789434652841, -0.3330143007814037, -0.3810948202342196, -0.3810054209070706, -0.3546943161040252, -0.3181668270497434, -0.3500072789313263, -0.3214359802812554, -0.33962057646798116, -0.3382496850777463, -0.34738741994172145, -0.3473950597868362, -0.3486574515724395, -0.2880816420377555, -0.30845747828951736, -0.347396467682675, -0.2931987798124858, -0.32273383552284435, -0.3192627916032531, -0.31015336753316736, -0.3138921717048575, -0.37997626816841945, -0.3520411555576732, -0.34525882111004264, -0.6141731786611786, -0.3745905292648465, -0.3562354304266914, -0.3658337252045711, -0.5478259164152145, -0.3610416151860844, -0.4025598748995561, -0.37910042438599184, -0.36916156796190996, -0.35110849553411555, -0.6566561885382902, -0.37657762924061705, -0.3657650661155342, -0.37134432050839433, -0.5840404202594003, -0.4058581228886028, -0.36324880605195375, 0.6245223424775268, 0.6383004797147765, 0.6477825568649288, -0.2207466744573023, 0.5291536549644429, 0.6061530253283791, 0.62366717945943, 0.655474052743742, -1.4967873775949352, -1.0163927558967203, 0.6038609393949417, 0.6001289431249196, 0.6084824610989578, -0.31643307801745507, -1.1938760840727423, 0.6185814458653252, 0.6304068657475671, 0.6330137095896566, 0.5417250754564035, -0.17125542799632887, -0.3690206953864618, -0.39098007354589903, -0.3819240480390536, -0.4165024004853633, -0.36734019068378354, -0.3693490081168213, -0.399730541736286, -0.38762861879558114, -0.37111641348239033, -0.41476147902254684
1, 0.18619518208685837
0.3293024985722658, -2.853522568401392, 0.24356458747438806, 0.3361258156876859, 0.3028198559291414, -0.18636546634689913, -0.11335188216215872, -0.1541803952084285, 1.586708065683407, 2.061306617115429, 2.131323275125318, 1.3993565265994605, 0.2366094559644488, 2.500577541846539, -0.4604530785695751, -0.4629846189707662, 0.6210979047972776, 0.22969078847143706, 0.3389482515809913, 0.20061105556050055, -2.000224596848578, -2.4554633483414277, -2.269638892149278, -1.7213086122399501, 2.13049623837418, -1.885220448559905, -0.37920097192927615, -0.4114501874268926, 1.1519543723222316, -0.4060409965981985, -1.017785679290914, -0.15564233372919484, -0.13513058071813686, -0.5270463800852924, -0.7285050100713608, -0.4873254823604367, -0.42827792566394907, -0.1002498587362071, 0.5079338084417786, -0.588588678464447, 0.05823467163756052, 1.2023122237326287, -1.9962053699112419, -0.472401460459377, -0.48091720071327393, 0.08481864357720705, -0.5788392196770578, -0.1150993716263845, 0.5767460676423218, -0.5588939730018893, 0.06091810987879101, 1.0093928003441548, -1.5489293614063988, -0.5756504095141097, -0.4155712608379162, -0.44808707193011443, -0.44566939663027494, 1.8795910373230686, -1.6673668616091906, 0.030372033764421102, -0.015899957931403527, 0.43217239588767736, 0.4180128638790067, 0.2326473652747973, 0.27672914700919155, 0.03564427740197388, 0.03210055551069956, -1.0279364624331888, 1.7097013119710467, 0.5301667046470471, -0.2664968502586338, 0.1768247779248261, 0.13188942224293568, 0.43105316767884866, 0.35313023108160174, -9.47014465704472, 5.847739122767532, -1.1187349051214417, 0.4448459904875963, 0.6022747794212319, -0.13011883602830449, -0.2362629879709636, -0.437803858735087, -0.5176755119143578, -4.984943844512114, 3.1210247900609853, -0.5337785875056101, -0.14824126520528724, 0.7241430364029787, 0.4597527577018642, -0.2829184197197543, -0.8398454151246164, -0.2718492152175067, 0.373978562095755, -6.2980079385216605, 4.016202940181149, -0.6605246032536041, -0.15930480554068574, 0.6930838316769753, 0.4771020020389933, -0.24637076250232068, -0.8235136389322557, 0.3986935204061716, -0.2260100354405068, -2.5190474409801116, 2.6393954230958436, -0.7772932798023875, -0.3078562606350863, -0.00024871383674520385, -2.7684925477444495, 2.963078931026442, -0.8288116851213092, -0.19022290955135604, -0.12829980559936296, -2.607884399612756, 3.03494551998614, -0.7451432352858026, -0.14053118700349934, -0.22683125436008275, -2.3663664396641257, 2.5247896647937673, -0.7187828125740034, 0.028151098079704187, -0.25282868740464387, 0.7052274601932138, 0.2589403087811801, -0.85009468983497, 0.14688981707625914, -0.3924113875870436, 0.6912942999495794, 0.25468670099062746, -0.8257194290153085, -0.3507615537365421, 0.12972937413317343
4.909450880002797, -7.521983251894589, 3.0150116292806906, 3.174955692187704, 12.679374610969637, 16.485433481410475, 9.814910527849445, 10.987977314230585, 11.856894137019232, 12.954432446942455, 12.57239539974034, 11.263102428802084, 4.158634937557307, 9.541381348572825, 0.7342454164274067, 0.4982455138368181, -7.746083385569319, -20.434544717008098, -10.543069159915216, -11.587975179870867, -10.044389833540134, -10.86089004898366, -10.859665097091415, -9.484014758618398, 9.985059582213301, -12.4700620084985, -3.9725101202530615, -3.9759474406736683, 0.8254007301666832, -13.04413214094948, -18.418826830995577, -5.701321014295825, -7.729929206427181, -10.38526719760188, -10.761684470270165, -10.906537531709626, -10.112187125795447, -1.8795886746130805, 0.7652245929087872, -2.2374030622269947, 0.24497214402114664, -3.106670055998871, -3.4034740872350797, -1.6225349800553857, -3.15663962042498, -2.6627284483652445, -1.8071465136853024, -1.971702871123152, 1.1668339033939077, -2.0108583144572405, 0.26130698099965194, -3.3885523605705044, -3.537899774139188, -2.2089560133726516, -3.0712856317003228, -3.2019213409752068, -1.574778873834967, 1.2475009152200198, 0.056525006557970346, 1.0102283163668744, 1.0448518694836906, 0.9733113564245512, 0.5609987822231151, 0.394778594560465, 0.4744227522538429, 0.7107782555549605, 0.7130957337023088, 0.8346446259697742, 0.31908600724808894, 1.5537989711905251, 1.0214171684302673, 1.173206378609213, 1.1087262080718616, 0.7117609887118659, 0.7086566619704868, -3.7093765173087463, 0.6308995936477589, -7.104198934589599, -0.2454089109803402, 0.14719223921357014, -1.100165359355343, -1.0612571588073008, -5.557861293829842, -5.315230810390328, 0.9220272185645447, 0.3844165331364734, -1.2272813667803162, 6.676115170463219, 0.7339169166672392, 0.5474369686380178, 0.272199472244275, 3.4853490342683515, 0.3243715411463971, 0.8941284885394661, 0.9778023886834623, 0.652579621034519, -1.0349095080526673, 8.838384057888211, 0.6948664157146992, 0.6077181594857072, 0.04787293549590392, 3.413102433903236, 1.1889586257568658, 0.3802599190983012, -8.67421070885063, 6.368563028013272, -7.145289535913035, -4.856056730716796, -1.0751220208847185, -10.820123769064239, 8.020766761042776, -9.260374599555313, -6.358277738517876, -5.210205726865771, -10.370799980007202, 7.233451616806079, -9.273127554084699, -4.72896803370039, -6.785662034006235, -7.68567464615804, 5.602323738939384, -5.711502325899149, -1.0769493109036996, -4.316215366656615, 0.008567469807411649, -0.011120340877176007, -3.424872486376917, -0.7265205608343704, 0.503675503407814, 0.05153935079570331, -0.12078497740309141, -3.7943764754121982, 0.5842638438403229, -0.6158601094965919
1, 0.18536376705505112
1.2341073586281917, 1.457294689429832, -1.007097772184585, -0.7685518719892764, 3.2349624886681982, 1.3164683539282709, -3.554209027951809, -5.336204035017436, -2.1827104282229532, -2.552857784149097, -2.5619517083595196, -1.9894337772550825, 1.3177024047722672, -3.1092126590066322, -0.4304484400368954, -0.30844266679832966, 3.6743605782858415, 1.9641409259662967, 0.8605015178551172, -2.100546245927287, 0.8175820658147555, 1.3381980134359657, 1.0699893736514008, 0.7320566536944997, -1.1316539601448152, 2.4282605626207703, -5.223802135286946, -3.4642919399282737, 5.5035186940408645, 4.832717203211749, 0.7886051213082885, 2.3672883905184805, 1.5180535086560087, -2.0151577021757383, -2.3821278395107384, -2.212280550703546, -1.546725417297494, 1.1381432374701013, 0.6622166775360285, -2.224240552745214, 0.6903630497290755, -1.95484412053829, -61.945793850838754, -1.8092311543180655, -1.3351418744755144, -2.1832621851043967, -2.622812991544076, 1.1144291006507372, 0.6830936986777693, -2.4553206689206792, 0.3663267020698999, -1.7014788459567238, -47.26275901465546, -1.5368456441832592, 0.8583475767413702, -1.4349048056164335, -1.1250981742405752, -0.5663394699749522, -0.9129533123937165, 0.1350441487776115, -0.9233865739497208, 3.1955042248971037, 2.6420473351119536, -0.40244573793809046, -0.45951710144980024, 3.3156936655247837, 3.525448059610536, 2.5915903215391514, -0.9570949293210116, 3.1422886240993, 2.8143384940743825, -0.35997341562346985, -0.2449233943585988, 3.231856495271773, 2.8809710014861083, 4.859051314582797, -7.276608766723794, -3.101161825312432, 3.940648135116565, 4.172771786518872, -3.989021665549273, -4.428407404320156, 1.840073567314466, 2.0694163592285406, 2.9903249247109365, -4.3274598681277565, -3.2683457588241596, -0.45121252553000135, 4.133237484717835, 4.4373227310201875, 2.0139620551115365, -24.08754494252776, 0.5628568553934652, 0.9851555970336066, 3.6602376833334196, -5.430459315388965, -5.014025138902758, 0.7913797506089859, 4.218244325109337, 4.349587036081957, 2.1021575841211035, -24.181008530537756, 0.7628922621612287, 0.7402390742482922, 2.4788408459340503, -1.945295937361881, -2.8961420285910595, -0.8667865622914015, 0.3839256999790536, 2.819392926314205, -2.084896625419228, -2.7545762356459216, 0.30478943132564007, -0.35113763740421633, 2.691281231282485, -2.2351377869397635, -2.672419588591703, 0.9205828328653415, -0.9179978801426959, 2.3636396972364593, -1.8721124098370026, -2.5439136991080917, 2.627944382966807, -1.216704352044596, 3.8964177361733188, 4.00249819163662, 1.318895282823538, -0.5450363385429068, -11.016497138148022, 3.8012853258071573, 4.137141087750651, 1.367909471752888, -9.412614578459447, -1.1706116793281791
-1.5484561245199733, -0.8250103166595544, -0.6731763327826066, -0.6677770832051243, -0.9206766750505733, 1.8444606571270052, 0.9040486598850587, 0.9055304754816005, 0.3463442995666478, 0.37427485549144585, 0.3520249768316768, 0.35775582889403357, -1.6013413704142414, 0.2448761055157046, -0.7410428341823971, -0.7487780292954666, -1.6103083800169635, -0.5481548255841899, -0.29887990611037585, -0.42344065243266704, -1.0973668832009766, -1.1876881157235353, -1.126985967924915, -1.024304207457896, 1.126427653253179, -0.3238483800928564, 1.3865331027562577, 1.2277858285116217, 3.234242013135973, -0.9793028124837128, 6.592066600537619, 1.7601968148784946, 1.5591240452844592, 3.4552153790864497, 3.743941162095679, 3.701016853207784, 3.537290129491771, 0.039518299539633775, 0.11270354945707058, -0.23369390120295777, 0.10373636761205568, 0.9576301687658524, 1.9427066924973821, 0.567901461008024, 1.5430755619574608, 1.9776056092148762, 2.450050340826872, 0.1496340250746534, 0.22902621406208837, 0.5912354754364744, 0.21914401661868926, 0.6493032977346098, 1.252856506030872, 1.4597040825685739, 1.2849959546016296, 1.0778085678247564, 0.37101077933354515, 0.7342412544373571, 0.3706403782800301, -0.7134199132081726, -0.7471483882540826, 1.0220787690170385, 1.5951917251595262, 0.9233301197353904, 0.9107549276377414, 0.5565226273175969, 0.563471905397922, 1.240855309008336, 1.7388229798818553, 1.1257051296308578, 0.48794330398620495, 0.8825282922186084, 0.864980780234344, 1.2366090019603118, 1.2236827817226035, 2.560680463717479, 1.47192843666822, 4.587621776805332, 0.5772133434382841, 1.5887994979724946, 1.4032504950615965, 1.3667817597196976, 4.121645448079732, 4.030688430100758, -1.7590526791062293, -0.12183575017357672, 1.9153854748374137, -29.04843306937888, -0.5366559649974576, -0.4717607538123714, -1.570102723421852, -15.30699534192998, -0.0738925772294196, -4.6763552620807864, -2.2977049359966553, -0.8296382255258423, 1.1781850222472585, -37.785990466089274, -0.5023100435866296, -0.44509963656863105, -1.5332963610740227, -15.206818730234415, -5.811962576241609, -0.310638144463957, -0.1549055700958656, 0.8817686467981107, 2.30377510122971, 1.9472377854243677, 0.31993448791291595, -0.10429142632897025, 1.1094039219995047, 3.2551522290556716, 2.5823765501855864, 2.6293162435907167, -0.12166493402509679, 1.189534550579425, 2.911226204344054, 1.2558019206911781, 3.555787121256447, -0.05542777516033853, 0.8116174993128745, 1.9703501398661722, 0.22865931871815623, 2.552343635205474, 1.3739406719822966, 0.761676328808882, 3.346947169087154, -0.7010451000280595, 0.1921107270448587, 1.3648668319526525, 0.6837282242870052, 3.7053046865734487, 0.2068816603246124, -0.35483698632199384
1, 0.18497746601937132
1.303820246588603, 2.6939626071618332, -0.8731855344145674, -0.82183612433021, 1.3481454683976963, -0.16569820840386346, -1.0559969775115061, -1.6562103827720673, -3.0263598839790253, -3.7126800728561324, -3.7157234491891606, -2.760006701181008, 1.4269140093645707, -4.326314197696962, 0.0522000104796963, 0.16828439428381162, 1.4548204919162742, 0.7197675163281959, 0.3038811020896833, -0.6170958636794127, 1.611868202705483, 2.267402001116142, 1.8646167528191713, 1.3830241940899135, -2.0542369201134116, 3.2979508672276086, -2.7040112774867295, -2.1331090717468233, 1.4951737190769356, 2.00778769515765, -0.8797352855013545, 0.48172428054280875, 0.25949729965149027, -2.3174336201503203, -2.9149643796172526, -2.77069906599069, -1.8643749723434018, 1.4851686526268666, 0.6955477552686224, -2.5961389768828056, 0.4022882692346979, -0.3168607114413841, -19.927687113142376, -2.123068148129921, -1.9373552703726082, -2.658293511050749, -2.6232782473913083, 1.4869912845942026, 0.6413585727936026, -2.651348428584254, 0.2671900164493666, 0.06212565311782442, -15.230563868232654, -1.9206903913753974, -0.5768699111122038, -2.7739210476747997, -1.7285959187631394, -1.215072585524112, -0.8731765532833572, -0.3387953951272692, -1.0383806681867762, 1.3364966925678183, 0.6807245663431511, 0.011073964199288043, -0.07618926083046478, 1.1797856016042014, 1.3078374679161793, 3.3610227317676853, -1.8614579857077236, 1.2314734056668706, 1.1213457626044097, 0.05785082958331318, 0.16997173957832906, 0.9343998020762372, 0.772000393963557, 8.985603987710931, -10.139711711682935, -4.624014898853084, 1.4639301303356336, 1.759313073361508, -1.325849708561308, -1.5882126824322864, 0.0266288061223135, 0.08070644201317381, 5.408183835602453, -5.544351892048364, -2.8125964278115414, -0.767473369815532, 1.4917865902353016, 1.9159380089914777, 0.2839566250811505, -7.751043676272017, -0.21429256197512353, 0.5442371106654706, 6.797230431299919, -7.075401087078098, -3.947506774257961, -0.22824275200309713, 1.5678885628701449, 1.8396234800505207, 0.33725694688918134, -7.776863475470847, 0.4157794272108497, -0.06280888919895798, 3.848410346496142, -2.946469620165806, -3.340707106321565, -1.11835737658625, -0.09113955579825199, 4.287607085549153, -3.2466205937758916, -3.3736333214095766, -0.46597361928748465, -0.6593910549394648, 4.078320139866687, -3.4293171056552927, -3.3317935557156617, -0.07725882879554336, -1.0824946715729091, 3.632949928904144, -2.8149352298469643, -3.1508732815279488, 0.9840369705512954, -1.2516369591238727, 1.4066759840819538, 1.6841250942678077, -0.48808690169791447, -0.13133187829525708, -3.6163700658796682, 1.36807818157887, 1.7508214588340423, -0.3928183690122244, -3.1176890448941066, -0.3265196700401081
4.2781593144282075, 3.506267131724173, 1.4957288723582554, 1.4324290339120673, 1.3070979724949023, -7.8893498671957705, -3.982549647836994, -4.329828108904343, -2.626705061986144, -2.8169907284534386, -2.675601282183625, -2.4980608736031833, 4.518331793039562, -1.7682013328015267, 2.118548715287524, 2.1732667137909085, 5.77548021518374, 3.8246700584584166, 1.9890851639161389, 2.26808943341132, 4.345988526000384, 4.7664595156222065, 4.590867044963907, 4.129155776863569, -4.799071404535181, 2.2951222827270605, -3.8335566641463985, -3.6797437764793797, -10.043988688734771, 4.724962728094959, -17.30079873529068, -5.177146841416319, -6.299226996182163, -9.941467578721465, -10.430838459382224, -10.128444707916914, -9.718425534706027, -0.10179246080456321, -0.8333383737536035, -1.3723678434764213, 0.0974508134671175, -1.8908511888745914, -3.9029651161210883, -1.6112812540905217, -3.4044825861423447, -3.4132421593278486, -3.1071697477401234, -0.035935155532719455, -0.8776434066360987, -1.9455972099781198, 0.01817586267216195, -1.7441563771139932, -3.3636104688946187, -2.61677833051188, -3.1097230148755317, -3.0625255524529824, -1.3732298509702636, 1.5582095540696654, 1.0504864423725613, 1.5864700572384736, 1.6018657779638878, 1.553480807195508, -1.8615486931434875, 0.34420751414332873, 0.37119589968662303, 1.3320905708520445, 1.3306128737458551, -0.33566081360700323, -2.797968411537853, 1.1514844429606486, 1.5303323331402219, 0.41923927301414754, 0.40625231062236755, -0.8011914703716364, -0.8156210332080938, -3.952644494031509, -1.8877798732006208, -9.508803599305317, 0.5985199694636847, -2.623108387288506, -2.1309599132096806, -2.0731716410210703, -7.945300683110928, -7.731448387068377, 1.7762535770522119, 0.9545168475323085, -2.5678814895023243, 24.93527655126217, 1.1242004325970176, 0.9478966238295096, 1.3214269995748396, 12.991923426006059, 0.40635581732768866, 3.7984648254896283, 2.197370585013649, 1.6101468381424058, -1.9243177342043378, 32.56680937870545, 1.090564942455176, 0.9635160466082956, 1.1551762689575102, 12.850671031855088, 4.766573113188169, 0.5964105741251615, 1.320242494494553, -3.623433957329217, -6.704180451375353, -4.772137293595377, -0.9364284845882772, 1.5141214651378823, -4.432604056275702, -9.134682388506878, -6.440546498942505, -5.823349595806656, 1.551531365693072, -4.502698743328179, -7.973601152237447, -3.5239649197332237, -7.106307126379411, 1.0281111973183994, -3.176939740896688, -5.552190554068311, -0.8803849234803852, -5.030610824501686, -1.477642318865791, 0.40602030552781715, -5.342741456993571, -0.14767144139243676, 0.4504957546706883, -1.4965013285274136, 0.37324408913127644, -6.053082859937524, 0.4225223934535809, -0.2821757523048313
1, 0.15745696488343783
-0.0355181180904282, -0.07565977339064904, -0.9466187866926954, 1.2638975580558827, 0.2858605714514964, 0.05977014964027631, -1.0423029078096346, -0.06306288894438587, 0.2975078262647193, 0.01964491004498384, 0.2929623313389373, -0.7270999048843041, -0.03492734631015205, 0.09334628378246787, -0.9210430033043266, 0.9267519054413447, 0.3451230761402372, 0.1885674860044944, -0.3987603034938369, 0.03959186163648895, 0.1604823638720137, -0.12404358147837953, 0.3104776674170187, -0.7645319767345891, 0.024101131407401395, -0.0803549989814426, -18.446920931038683, 19.41404938731965, 0.2239439928536019, 0.22840115008499662, -0.05181856112254693, -2.213308257768574, 2.0425019947541476, -0.01856928855292033, -0.16188897072958852, 0.5038853377967338, -0.7058597054057878, 0.31740357237224304, 0.2715454696702389, 5.791980085250529, 1.3529655622904782, 0.14353511115933046, -9.275129970736343, -5.788078239426013, -22.96183770167145, -19.165249717708374, -18.17661947224525, -0.5268536008465566, -0.4188161795293452, -5.905451320031117, -1.0908498268484814, -1.1287777782683837, -2.0847220757242892, 15.503531243647497, 28.14441544430823, 16.25514198595455, 6.4331310707320375, 0.03075744826120701, 0.1307328814419483, 6.067882215086006, -3.5226465066161357, 0.3180011918137642, 0.1355803680169204, -0.2401266716666902, 0.029630052015275694, -0.5029854825401584, 0.7908115399259417, -0.09818882092434816, 0.015162371677094885, 0.32231691739506685, 0.13654380062948843, -0.3034944903344408, 0.1315520551684514, -0.5155066435533793, 0.725321514587861, -0.2779718626259887, 0.24087597806536612, -0.018442502813746153, 0.38535465819995857, 0.34189281026478807, 4.12655473702156, -5.573294550055732, -0.6697678822443904, 0.7617781093826695, 1.1929795392866527, 1.1673435965259389, 12.048721521039216, -9.839370469023276, 0.35631462442106027, 0.445379222775073, -2.3511776622789196, -0.7254370652381564, -0.3274443774392001, 1.7155190922796002, -1.1619696001913977, -0.821503705525232, -12.015676852312826, 12.244597156638928, 0.43261843753318663, 0.2890446952084618, 2.3969754270043633, -2.7755811966047945, -2.381725394626553, -0.09772566392896939, -0.30318878631089424, -0.1195641915396655, -0.8556024011436334, 7.318963472892004, -13.211701787249671, -0.13530980613620527, 0.04884211435963637, -0.25421106038834246, 9.975257928632885, -9.718368510959687, 0.010442727476351105, 0.16649537940470535, 0.79143420109565, 12.027599629081713, -6.872060736429182, 0.2248630272707464, 0.30627803333019704, 0.49810056515553713, 17.94048937033252, -7.490838078130813, 0.2941060296354128, 0.29820999006272497, -0.36515615850386446, -1.611894105505381, -0.6923967170794652, 0.3124549627473779, 0.3412722766073676, 0.41691925401274477, -1.5215452655477033, 1.1713517352356038
0.046365751491858585, -0.01181886402304393, -0.18715177774557554, 0.2664248463756593, 0.09212813712894496, 0.09691786976956654, -0.6968888845190089, 0.5808254334776262, 0.3031658077120872, 0.10090017987846198, -0.05640959277707675, -0.2871292619573466, 0.04163061974093112, 0.06668609889391812, -0.18600477473133284, 0.22177238035727354, -0.04950635293091596, -0.1171037299118351, -0.9956440873300699, 0.6410893890903567, 0.17030205726227257, -0.035556276819464605, -0.1778260116400241, -0.39112322299150165, 0.0529764016331745, -0.06477203607762147, -2.0512933163616527, 2.0495280128097453, -0.08286152550384124, -0.00497409290177736, 0.14875176574071955, -7.9407260571455325, 6.8050316050034, 0.8822490537194312, 0.28723054549742305, -0.6747800678955349, -0.6353205332550682, 1.0446063559251602, 1.0278836501916182, 6.420346654983853, 0.22848028572839316, -3.2021584582853304, -4.422233860083075, -2.321637710825016, -3.7055521518209273, -4.7019221565530485, -5.93666540603595, -1.2528160747847858, -1.1881074680955488, -7.170004193909985, -0.272117268819385, 2.819068675650932, 3.678312202428983, 4.914318775586013, 3.9532623135923206, 3.318543332439856, 2.306036817592799, -0.03414341046352908, -0.008877060505687333, 0.1860349533101608, -0.051869975498739174, -0.06054352937195502, -0.07157662768536896, 0.13583274954370225, -0.23509440653928845, -0.027807836133117398, -0.01413754446215957, -0.06455627425597683, -0.09030314015254881, -0.05782030085875933, -0.0041628842382455235, -0.1504039748457482, 0.0794112972481076, -0.04114066493586415, -0.08137191366709658, -0.04007034884048217, -0.030080895123729252, -0.034746801168082465, -0.024056487545252123, -0.08069642580134449, 0.8842936511831254, -0.9885956462911313, 0.2439147788237197, -0.3770230821634067, 0.5209103143497804, 0.5074252398156537, 1.2231358250173443, 0.691498319800336, -0.03322712738811586, 0.2871925608013465, -1.882531038695761, 1.0463140295364035, 0.6014807389025129, 0.864044023132109, -0.2918315866534897, -0.43594026894657584, -1.3382454672534143, 3.2518506197546757, 0.11858420499228785, -0.20953426723330085, 1.9474308743476605, 0.17261480531294468, -0.25856188401081504, -0.5762092048788926, 0.26266821709627836, 0.3604392784652126, 0.39954929680683093, 5.756075903450375, -1.68653606176857, 0.028865142436819532, 0.136208085707765, 0.17844146094972563, 10.595077324323816, -9.200402193492486, -0.2636795933641907, -0.2769427469613849, -0.31724722833894864, 5.5468870229842695, -10.299875631688453, -0.2663266771711473, -0.1743330430002519, 0.03714323900333392, 1.6892302193237339, -6.786407180588999, 0.21527178147200687, 0.23123287509871096, 0.49479167106200883, -0.09724406947081295, 0.6352568758473855, -0.26920231756587415, -0.1723823150988423, -0.6293519586178403, -0.5782574907986248, 0.3697474204386636
1, 0.1442850848124232
-0.7412420516958933, 0.5638678458394886, 0.986718765563701, 0.414617153066661, 1.875930963768462, -3.5446072963596333, 0.10912199630649964, -0.21370742385269031, 1.3034106850823153, 0.5865077423258255, 0.4879438994913997, 0.7247831009435359, -0.7351925641867836, 1.0890463406604358, 0.9714741921457763, 0.3270725002562553, 1.6444789566533582, 1.200985799848644, 0.7940334165574086, 0.548147111069618, 0.8641686434555126, -0.045704636488114396, -0.21381419978692678, 0.28793241417040516, 0.1874993829698836, -0.20266211717150154, 2.513123897931962, 1.510218244019532, -2.2412442480433, 1.649943744334784, -6.25038960711768, -1.222801052890495, -1.6935900616255386, 1.9148034251943762, 0.34905567851050023, -0.07403219612423506, 0.6163465270462336, -0.2552450436020516, -0.20390012687020645, 1.8692578096783354, -0.2012004015552766, 2.94093998917787, -0.17155669548760324, 1.2038073961192668, -0.7183659118463191, 2.090178093221655, 3.389328064266842, -0.31631043143289617, -0.25734878721888194, 1.6183882608537004, -0.19618996682991663, 2.8865216638629505, -0.18326348382882676, 3.7912234028025704, 0.5188384204183378, -0.7695323813906687, -0.34151965802153583, -0.1919462445300924, 0.03474707631150752, 0.15238535802794478, 0.8510778104493095, 1.5686563811236665, -1.1310134195316432, 0.5775358997342317, 0.5870987365265615, 0.2607348369912672, 0.1911251762199045, -1.0420392232216054, 0.19854749310805136, 1.576167410640963, 0.7172566697551891, 0.5978715160501046, 0.48740772031184215, -1.2060209020832457, -1.9954867974299826, 2.1912306691193613, 2.982053626134812, -1.960235467687466, 1.7976787327930326, 0.36306717342919587, 0.7978068149034919, 2.309264522999052, -4.829991609100587, -5.749354503430374, 1.0825121275777123, 1.930435760317649, 1.8738415271130364, -0.2737566796286092, 1.5441223298938067, 1.496837729387856, -1.4511931719768745, -0.14476169363322097, -3.9481649103673218, 0.740409587350374, 1.7925800249557127, 3.042086144863066, 4.696242720490794, -0.36743966581386966, 1.5179699755481417, 1.5141841800115776, -2.0848136561112796, -0.13032431202650596, 1.28937645497135, -3.4019403616034913, 0.0037396890577793217, 0.625590444793922, 1.715128488807646, 1.5781814918439054, -1.4910890438148383, -0.15407436064451152, 0.5245396296297513, 0.23249416740892143, 0.09316731670174598, -0.3536574809782233, -0.17926905620230396, 0.5762551579590665, -0.1497187219309905, -0.4744780380187289, 0.5633605530005638, -0.09116249238988165, 0.48683797391889333, 0.463604011776591, -2.0234531987021334, 1.2869712965292264, 0.7891230751260153, 2.2175167431476535, -5.516492416082665, 0.39513236073125807, -0.7013991022885624, 0.7806794408958978, 2.2770396345032173, -5.546413625164445, -0.3617180238925522, -0.1678581809021392
-1.9805112263428333, 0.48701828640110867, -0.43929932854333464, -0.49382244364009553, -3.177876020403795, -0.6416832845196726, -0.28282069281658073, -0.1597064056137122, -1.22227242325546, -1.5672940291616742, -1.544225679910886, -1.2520238846375664, -1.9924684487716111, -1.033503546996326, -0.2830485399494229, -0.3299360330428244, 0.3066086067996045, 4.01454053703783, 2.658944359106697, 3.180753917127711, 1.6177618735863297, 1.5079293544588905, 1.5619268948584477, 1.455744848208411, -0.32193157824383056, 2.0944471668236373, 2.2500522774754925, 1.9140434061312364, -0.6940180191867787, 1.2569065785288789, -4.6940230650502475, 4.282825958070883, 8.734016375118271, 4.484015557023917, 1.065619923274788, 0.1546577020116594, 1.7146208441596336, 1.539150120402282, 1.3153846438934527, 2.923709265456949, -0.15704712859681186, 2.0186388484065416, 2.146749159115188, 1.923036960367945, 2.2993583198890244, 1.4068644250637081, 0.0596537183494454, 0.9144886778979311, 0.679388589446429, 2.197713205652033, -0.14917489230174394, 1.6946885285246605, 1.9433304776595244, 0.0467912315880232, 1.3977506059761422, 1.9724013121976316, 1.4635123420373877, 4.350932046481453, -1.132886217649119, 1.2098592353502255, 1.2198384889682217, 5.80407330528546, 2.808861827054429, 2.8243159886023688, 2.8468008206542788, 1.853752904764295, 1.8825899012907368, 4.344161504685854, 0.9382600797700403, 5.700394747427627, 1.3482502880796312, 2.6907345289737075, 2.6203547488046888, 3.354750072524721, 3.272532518525576, -10.783549389075237, 3.8027604406201676, -18.70108478459381, -1.3470564979054713, 0.5199150717479639, -2.47851299888095, -2.971395922271175, -15.732904610241155, -15.968785727617616, 0.12064383042231809, 2.210847942580974, -2.9413998455084145, -2.790920707832355, 0.716846026595418, 0.7257289109225599, 0.4269565956061606, -1.2814390084508784, 0.5869281375696009, -1.4186986711798055, -0.5182210462443172, 2.0065912036377527, -3.822993331494314, -3.866161103949133, 0.6961829106432325, 0.7649892294392896, 1.7930593473925862, -1.206564155184664, -2.2016070708936546, 0.0842325699323857, 2.4843469926424007, 0.25923156266306574, 4.852286546570725, 2.6685171795123437, 1.6209926355265445, 2.033862900870644, -0.8413450366190466, 1.4858593419580088, 4.883394372320004, 6.9839875525214286, 1.7438040332176084, -0.9967001709647049, 0.5540397251090955, 3.9934706617074047, 4.070819901184606, 1.685946960800464, -0.3429278452753594, 1.8239338061707675, 1.1923346896180806, 1.1197126140385447, 0.32645639474521854, -1.2889899294041838, -13.593388856987024, -6.8007297811562495, 1.398990744859517, 0.13070889963602944, -2.311933741040852, -16.28363954727237, 1.1944481595755372, -5.638675797536806
1, 0.12703062042111918
-0.3646614207531833, 0.4725678686223527, -1.9217488508764318, 2.3765719714404008, 1.1972672660038972, -2.041306023667359, -3.5166591005471375, 4.218659110053623, -1.9240395923432025, -0.2680180222178082, 2.769106390018065, 4.057883629954587, -0.3376979123188322, 0.7897673082253274, -1.3744747721886876, 2.0008634843372963, -0.4369465378868057, 1.4531731671268517, -2.1750163520265438, 2.5948744761782385, -2.6402666596802145, -0.8004804345709003, 2.6054979345589184, 3.7312614505543062, 0.4133967579110641, -0.10561235177439617, -1.036858274800707, 3.355417613080037, -5.685544415176616, 3.9949374670759354, -2.208796710352128, -9.038358729090001, 7.1128628782257515, -5.778597410347228, -2.010058686396388, 5.613901132425308, 7.602139518544969, -0.15329096583130897, -0.47677217598678845, 1.406229826684621, -0.21190546339227742, 1.718562462107477, 8.165284271755308, -6.867521328708147, -1.635054193862707, 1.927091381569788, 3.8611233224276975, 0.4560526374698033, 0.7121151100957916, 0.3310806868422075, -0.053612835307107934, 1.132463220603013, 0.18390046145749844, 1.9959463205246812, -7.409796824286552, -0.8614779773324218, 4.690268143054367, 0.140535508115412, 1.346223118397312, -0.9699447691543374, 0.6868041600111827, 0.22797525996933038, -2.187372679695794, 0.20866813833126274, 0.31605937936162326, -2.232834440186824, 4.283526212991168, -0.46487003738331534, 0.06545838976232332, 0.22268073553244092, 1.8215909357701523, -0.9228488490155371, 1.2939343181574157, -5.832846616214121, -0.05513600270210863, 2.025036474254205, 2.382970737408501, 0.5271258122646452, 1.8311738415842165, -1.577913696050446, 14.519202504189396, -13.208190653134727, -6.172683366811414, 1.1130965537835606, 3.9148976803060163, 3.9709916477478564, 14.817695055237676, -0.24350836580494667, 0.02508481902017083, 0.6551061150675354, -8.11111374279151, 0.31363559008458064, -0.2893420929422795, 10.170515025319252, -1.2692841492620341, -0.14765696794153252, -11.672430873580105, -2.606606897543712, 0.32197430674862443, -0.2862310758345272, 6.879592280362012, 1.5529596154145069, -11.256772037801612, -3.0466143319829833, -0.36007141413196786, 0.23614631145656603, -4.873821098479961, 0.8364768526328885, -0.8637068053730762, 0.07634152761364342, 0.6037748453907129, -1.3150288399665333, -1.6026354490264594, -0.25006445857941595, 0.38282994018669636, 0.9134433004156208, 3.779579470968776, -2.703511561290981, 0.27749940385138594, 0.8480348771128036, 1.172539538619675, 7.162938636632253, -5.78571133336383, 1.1903135290640445, -1.4938292338927273, 1.7405710204873401, -3.5764089489831474, -6.580604707832386, 5.547039357519659, -1.4369545029047883, 2.0572817127570637, -0.45168403068197965, -4.356345780471482, 6.738336223035711
-0.35142174147408867, 0.30903523605042943, 0.07604948797896172, -0.03990927730634354, -0.9283263114825534, -0.3982319142238459, 0.8191888079606675, -1.2399085780034347, -0.9510454082106937, -0.6512791060927515, -0.39677507862331474, 0.004866105361055232, -0.44034185082038607, -0.37427971642874525, -0.5867247903209022, 0.6122483195365093, 0.4100027218461622, 1.4232998957881526, 1.3430043100433373, 0.4624729531724938, 0.5172039369170196, 0.6690547015848302, 0.7596625825342771, 0.8112899000287656, -0.18544486735209512, 0.6731266316895684, 0.86482628306854, 0.6898981304271855, 1.530730768192353, 0.5233161651176177, 2.0467318376125205, 15.928623847522246, -13.803781620434048, -7.0080797349634025, -1.6436086156329395, 5.975745657956538, 11.419390632835652, -1.4442331433319335, -0.43508711118188625, -1.2973082672945981, -0.025205920770396097, -0.21852029024049646, -0.17894247972634575, 0.598518072699153, 0.2546306672209127, -0.8918415662977581, -2.5485676525910668, 1.623243374395065, 0.6044940747074166, 1.3000057002333159, -0.1003999433874085, 1.5768310592192898, 1.2169117760676778, 0.5606880155142868, 1.0104612051029027, 1.2248651593110753, 1.1869419763629245, -0.7689907149058589, -4.5220525717268405, -0.11016058658568904, 0.20166097778301342, 1.2709003302804223, 3.6000498487658943, 0.501789542215458, 0.6562001752353406, -2.4476047469305864, -2.4476103572096406, 3.2600735083718337, 4.67736885057896, 1.3329682976550772, -2.4621329020696208, 0.6784237752252201, 0.38975353222051806, 3.3423134010696285, 3.3978221466067176, -5.289059909482333, 4.59115281405704, -4.587671077965275, -3.7270624788345748, 3.2731835340129796, -6.189694742398965, 4.834149639966336, -6.2281357498322025, -1.8869217911648806, -4.241628576697982, -2.0517859589894285, -9.710039609648991, -1.957002563821581, 0.10679730882408321, -0.4094281861274424, 9.849253387851098, 0.19704906074031348, -4.170278084512071, -5.936181162706753, 4.377096906657756, 3.003144817312119, 7.979848367480388, 1.7883575303555141, -0.06781867864075661, 0.36754906711780805, -10.28884051057888, -0.11868111620965996, 5.451927541663212, 4.392786158385707, -1.1525967127077024, -2.578583240301718, -8.38959148194873, -3.4635180445389624, 0.4253430975251909, 0.3381145553474641, -1.013588534750751, -2.559877300052397, 4.633712220469797, 1.0444741613509982, 2.4915460333288744, 1.6991218700953608, 8.88054048067096, 3.2445795051922057, -0.4972766938486102, 3.301452650087903, 2.6005869058350526, 11.952191394520257, 1.1584297427348724, 1.1827892169238126, 0.9429835154051609, -5.4557281469595855, -9.424209641448877, 1.9288072972264618, -4.810113272013015, 4.3661081264558455, -2.922928719409032, -0.15668049288479133, 5.278963667869737, -5.924243297912972
1, 0.12013183654983596
-0.1539631960213339, -0.16506996118150882, -0.7999307647592537, 0.1533822166962273, 4.135852502756606, -3.7928373630832706, -1.263119760335176, 2.158417107771314, 0.14095997073260955, 0.30975454301034167, 1.4240478912403132, 2.0756802752751247, -0.042472335342591906, 0.5287052441897035, -0.39647424525639224, 0.17685029692876852, -3.4758370169005937, 5.507045397879708, -1.152848455581509, 1.1979435937617313, -1.0675969164562025, -1.0732252645834992, 0.19949837200563644, 1.083912744727488, 0.9204648571936241, -0.7892137543353885, -0.10280326999760347, -0.9598650716637054, -22.774589459636356, 19.03639977595312, -0.9390836742642356, -3.424556288097339, 3.3570947922706593, -0.9700712739806093, -0.7394981265534714, 2.14205979787023, 3.740482741503556, -0.01569383186074283, -0.22481057342989047, 1.2683537872929225, -0.12699459171563363, 1.7941356973136813, 5.975880115850611, -3.4883419642475113, -4.998034646070005, 0.36816205383100503, 2.7743695148309597, 0.25848155376961396, 0.2701252844699263, 0.5362618831634622, -0.07271571731241074, 2.3129790461818485, 0.6001460966521703, 2.796590168280143, -6.243746453645524, -4.433103630712447, -0.794799373961545, 0.38456344544618126, 1.2593284157586229, -0.6084673233181165, 0.5671972731645719, -0.23887864656656757, -8.166308394631544, 0.41017084083627114, 0.31742861638909775, 6.171782429744041, 10.108476342954765, -0.49014476246562355, -0.48261681283560237, -0.2787371465320319, 8.531060777071447, -0.685636962194395, 0.5019728846638963, -10.243858117783308, -7.563819509603242, -0.7403568452595215, 1.6700827463175216, -0.35528720589914, 6.7981827462422215, -7.146161322815387, 7.349206104681177, -3.9521243612721446, -3.2006684785700137, 0.9459323121841154, -0.4001349786871042, 1.23481106002049, 5.818849835772729, -0.8750974728551965, -0.4236762288249437, 0.17021325188888856, -2.8939197664145118, 0.24335611113977776, -0.14028064904439505, 6.319783077143026, -1.733023472298019, 0.6899799116755432, -2.043300557488372, -1.9566848205421945, -0.11960064429123747, -0.3434119487440714, 3.1186590865431203, 1.0214410188172631, -4.720638576091256, -0.9870631669420228, -0.715480399918664, 0.5404503247816518, -0.8145534072905469, 1.106509759454891, -2.0279753970585954, -0.6039364942237385, 0.6852312426308859, -0.40955950616461895, -1.1137138512902245, -0.9062198278112206, -0.5197962158210844, 0.7523728193655604, 1.3211641297392498, -2.043406767182181, 0.02413996804417614, -0.4315405221560065, 0.6790930414054307, 3.2010076438058697, -4.624986064819242, 0.9397037771059719, -7.269644571377842, 7.0807394700170185, -1.8182306815353169, -2.672078995171927, 3.0009886231489227, -7.0702137125129525, 7.621464562544167, -0.15826604391092436, -1.5748806824394233, 3.1440798306965254
-0.4617920735986198, 0.02237600319094603, 0.16877982353141446, 0.2509380975517105, 1.4432326793101171, 3.2853609463566302, 1.8074398610168738, 2.3453138280470305, 2.068905749903168, 2.139955438445762, 2.036138157937069, 1.8198715414194249, -0.08483662538863689, 1.5365364263026127, 0.6069777013910626, 0.18310461697264, -0.7417911878946871, -0.14714102725358136, -0.2712802144064671, -0.5255353281211492, -0.6162548923153998, -0.5723757243187455, -0.5385925167378153, -0.5280609767141948, 1.4760645087776307, -0.06598448630931152, -0.22260876918537306, -0.09314685701688018, -0.6732099259288712, 1.1902866276023474, -0.707585389003709, -6.268402974427876, 0.41600261639895386, 0.40513264107416763, -0.1805978240540364, -2.2152196066870746, -4.297316412453206, 0.3191246567412805, -0.41678264050798897, -1.2222457795999744, -0.0186103939073859, 0.5572345062115913, -0.0019030048233743876, 0.2555397929173655, 0.034075200731507375, 0.10073149524732064, 0.26552992776442047, -0.22954565650926684, -0.12135125617046816, -0.6161911826187987, 0.0062072886626209, -0.014902750608710612, -0.2112739755062914, -0.7216103480671388, -0.341213995090035, -0.10725842856351923, 0.16317193431832436, 7.198844290003018, 19.06085874336134, -0.29871699683160674, -0.7254777667132862, -0.9868396087059959, -12.41103873614825, 0.16111943777259538, -0.06271065937816507, 12.47641413128591, 12.449864842474637, -11.592886478037027, -21.84335575693749, -1.1784368676234587, 12.498108200469542, -0.540730520088025, -0.3737639231674122, -13.15780722403266, -13.192060986623668, 13.187403034669389, -18.365825850446868, 2.252170569733256, 15.154916442983899, -14.821938389672779, 2.04131861127638, -1.344805670112222, 3.7959719757197394, 1.649672295682595, 1.1784809604602366, 1.1586484737940106, 3.369233948643039, 0.9595310396802588, -0.3881693902943366, 0.7252172127084964, -4.223624755024732, -0.14565296611414394, 1.4537779919705662, 2.118443742496901, -1.577150997211018, -0.7415017604297196, -2.3366171979961017, -1.0520549286064738, -0.15377318203571064, 0.3602038511818209, 2.1716232411851215, 0.08168547853598192, -1.7363267659556345, -1.3790682868745743, -0.533891123238687, 1.9851806790045643, 0.9443949572148307, -1.4097667922209909, 0.4172944311163953, -0.7223153427823612, 2.2030181497964474, 0.15699703517166683, -1.544556149139654, 0.6250298263852326, -1.2412655333497287, 1.3304377448139577, -3.1352595571789035, -0.08581721133373033, -0.2528531485466514, -1.506207362008252, 0.5314922873788983, -4.419466717879705, 0.21289405448520762, -1.734282525812099, -13.644655267615233, 15.66583438986125, 5.504189790259729, 0.18931596551656898, 1.6137438529068437, -15.450848312237694, 15.459805109092969, 0.5758148732970231, -3.511722554665571, 2.776995491300471
1, 0.11021780521781069
-0.03095786984542699, 0.018205044688840107, 9.496690034040602, -9.41043018808389, -0.1220112676328204, 0.15665353094312548, 5.8528188236546805, -5.745499731825476, -2.3569687910178607, 0.08905449344174975, 1.42108889363074, 3.0326380811921165, -0.04549790645105972, 0.13765171378181768, -10.079093670697254, 10.23246737498649, 0.380824262231385, -0.1976039240027542, -5.65775307840367, 4.91798137145718, 2.9531428338102703, 0.624732601838059, -1.8870799708359747, -3.7088278822936322, 0.04864047163969733, 0.02680193434659154, -1.3504302597418512, 2.0083553596125454, 0.30882028726641547, -0.6274040017853152, 0.34456828988335686, 2.4044424138569784, -2.4128468663537297, 0.7075253997646892, 0.7309397903060897, -0.8842853011314217, -1.307105902119242, -4.643621822268525, 5.071394779765381, -0.39990983732505114, 0.015052715791157488, -63.41986988289366, -2.3605681209780087, 1.0819872795672574, 1.666687660475941, 1.546857821325553, -0.33684456466466756, 4.84339262103816, -5.243066806725271, 0.14704480681884935, 0.003266099756330695, 60.76048264305286, 0.360637816238303, -0.4017940182083371, 1.3326714232967243, -0.1274312689165391, 0.07405409141589964, 0.1868898586542035, -0.16080209691975533, 3.28479487305046, -3.596973393989527, 0.12411355006183188, 0.04454763282962405, 10.052546945594917, -10.465754928917308, -0.3177341691042085, -0.03835768186344328, -0.12251378746841725, 0.09414283198195918, 0.1264384911988617, -0.21291906549387618, -10.00606417624132, 9.677331350270826, 3.0971654224087306, -2.228834938872718, 0.0881359026237856, 0.4698474071988311, 0.027376148297493387, -0.13187791756634823, 0.08353918597760635, -4.518980516877182, 3.8905889734199905, 2.0707367787654882, -1.2313298756539968, -14.249012982334817, 16.02892115629109, -0.8264752666497611, 0.13886695088171952, -6.909962390434868, 6.5733243929264304, 2.3019971410468636, 0.18151851406650857, -0.46721596298448426, -3.54950928032806, 12.867345940568168, -14.623085859280653, 0.5354209594421785, 0.3744723961257517, 6.9006596064321455, -6.481979729538763, -2.411601525520896, -0.42719768503632816, 3.9475025812819045, 0.49986291586052856, 2.617099192864414, -2.643127626877843, 0.4744834445970656, -0.15036241315346832, 0.2039484646372307, 0.28699541235287934, -0.1769719101499851, 0.3396190937381554, 0.16735601559481542, 0.18032075636356257, -1.3155992984377727, 1.5498175181606335, -0.5299122243060621, 0.1482531374914356, 0.19969921592116519, -3.4622561784890595, 3.8577419774659836, -1.005598208749884, 0.8390794676603524, -0.11863379706840396, 1.421506735977378, -1.370288109873015, 0.9069551001125259, 2.11841671288337, -2.0760706535161937, -0.983510292898158, 0.7739764173666669, -0.36808880900594815, 1.3025481099920968, -2.3247899753848738
0.0074530316473693115, -0.019312798542585094, 2.9423355725426417, -2.9957265227404397, 0.1078320783787323, 0.16920468076564976, 4.675452215953768, -3.5348215059387806, -1.5428390911491154, -0.08878312437011437, 0.895799778798719, 2.2442722536882282, -0.008803845306137361, 0.04065245076231181, -3.0304871323045712, 3.0103812045966496, -0.20600064209213165, -0.1423595207539256, -6.107576351447404, 5.118568824908572, 1.5555299234335436, 0.09569148389510204, -0.8567625000506708, -2.283998343407178, 0.0704029042161507, -0.059367326107066895, 0.011168683933542253, 0.05650097362832175, 0.02830825885971598, -0.06333293463574176, -0.14985049885470886, 0.026590208264662678, 0.05585094382988183, -0.010971040630304074, -0.0657064984639841, -0.011708877737720698, 0.12419820976973824, -5.439567661172882, 5.471684035345553, 0.035654481689348164, -0.00019646709785306655, -4.547433157245112, 0.09508637918373158, -0.05871936427721047, -0.04379002145509289, 0.1290256895413329, -0.07171162446507164, 5.418006072191121, -5.554020768374852, -0.18425376535097068, 0.0005601440819622803, 4.135563254364459, 0.24027283510111344, 0.02777277613768871, 0.033081382324875494, 0.014787407266108926, 0.1093697737806818, -0.21694737791614022, -0.13113806399343933, 8.850865913870305, -8.376516535172549, -0.0732124908587031, 0.11488174518085281, 3.4279698298137666, -3.6352503686288964, -0.6068154893910448, 0.40891225361776146, 0.12913039247075098, 0.34161934170045194, -0.06999851646058161, -0.07483253490089525, -3.038954945035714, 3.064621865233708, 0.6792633462831873, -0.31049448573686417, -0.08598366021448192, 0.19939917190824066, -0.041519238481074285, -0.058070322494860396, 0.20604976073275963, -0.18353781329510757, 0.3107553225904178, -0.10537997207514238, 0.08125426636915704, -3.3622117586140527, 4.847416003115035, -0.002662214957795589, 0.05912341239638842, -4.237971757711852, 4.613958208234437, 0.4874782956195716, -0.05067537714665957, 0.04599102087906347, 0.06948058627874618, 3.3256034359961792, -5.23320609085443, 0.1640043828002004, -1.2826137882378965, 4.387142850004157, -4.703616824881014, -0.30239295517830544, -0.1687738334178404, 0.10375741778694154, -0.07390723805074044, 1.5474901371377254, -1.5665559824397495, -0.0002633063220125141, 0.16488098792204148, -0.03621354947812162, 0.08200386507409853, -0.1322597001297217, -0.13931012328985085, 0.24900284564059114, -0.2789681243104301, -0.9205387629880623, 1.0734728474362414, -0.05314790673717437, -0.018291795105910287, 0.9996431674534038, -2.058061478776105, 2.120901988693078, 0.2001353409902051, 0.08486310747601153, -0.32653322122804607, 0.8332987763766492, -0.7336808530253334, -0.1043826485996774, 0.10319533288592946, 0.07590796618730422, -0.3837620434234625, 0.5462828290563931, 0.1169099742355025, -0.10776910153653044, 0.20648920089497852
1, 0.10300520825154928
-1.1971095131830067, 3.3239768365255777, 0.8305416845465597, -0.07535376269754654, -0.5183938543314524, -2.187333812619929, -1.555227140206862, -1.2860543650201988, 1.8500489177095447, 6.722427448515546, 5.953970559781179, 0.8054108891101321, -1.2321854810027846, 3.7374714647284923, -0.8911699357971208, 1.2192494484632797, 4.655633365626881, -4.4690859633451, -0.34227881358153744, -0.9362819648302256, 1.7758554561531166, 6.033585653124003, 4.670255975448384, -0.18293966385834587, 2.4681646399187365, 2.223836841365885, 0.17958808416202895, 3.346296560697051, -11.117802145079963, -21.83010600182159, 0.25159535215740936, -6.906425945309382, -7.9835261693652155, -2.2998305277289, 7.658704159852124, 4.286539908584149, -5.7670179107805835, 1.2438321928864142, 1.821240562658838, -2.308826374447585, 0.015147614066606287, -11.240500935422592, 15.993919233405462, -3.915275610270982, -5.65323073397019, -4.278200441872234, -0.7254108957598007, 1.5204748295166086, 0.6202608986670899, -1.6795056637373638, -0.004153108023737884, -18.179012591028403, 12.20226597054851, -0.08347785335737322, -4.016869730247022, 3.361200208616558, -3.9600942062041167, 1.0425287255304845, 3.3293728938611302, -0.02253353974435757, -0.9848225015419234, 4.057719164680152, -2.5421898547544033, -2.8408972667016017, -1.7529368198287432, -6.700781030939855, -9.524380126826905, -0.7973149555432062, 2.0960935933944302, 4.012127176156141, -8.368208434877797, -0.721719494210808, -2.3859304788743776, -0.11866051540008772, -1.8173508193828256, 17.19480244586007, 13.616139817874751, 7.017529415713889, -1.9469027245848123, 3.2675552446992744, -16.601566339463435, -11.2342140892675, -1.0666283067983373, -5.4144432091919175, 8.210901318232397, 9.55169343855805, -9.442857583438057, -1.6204389370232923, 0.8416183614707623, -0.13729426312687582, -5.20769100963812, 1.947916678562239, -2.417797456589902, -10.186824430495404, 11.478681363670345, 7.962775597766827, -5.138409636278967, -0.9237186620837083, -0.21205823364923554, 0.9182292068193473, -6.677599376664981, 1.8847702245391889, -7.588376640375933, -5.184231344502069, 3.1842353210529333, 3.187760254344072, -1.733955381355556, -0.9589459672487091, -1.578484675722959, 3.2638306409494726, 3.7801969595955907, 2.665456816119793, -1.0218636636712337, -1.496703784571218, 2.983015648215707, 4.252329429291917, 1.4080275955920807, -0.7086872678092581, -1.3606972455365947, 2.7609124922857196, 3.8093042757090507, -4.286114246846671, 0.2935775987058422, -0.8420469330289015, 1.144450246132688, -3.9963465005002656, 0.387433959177006, -3.4715993681052573, -1.067396602782017, 1.2983550336594514, -4.678039766998345, -1.6093905637908483, -0.4392160751409631, -4.884999866142526
-0.5540377552431994, 0.5037087479210455, 0.18534208994466259, 0.2629824123846323, -0.25905534761280513, 1.8564509592052785, 0.922329180671349, 1.2523716420241549, 0.7588161353598435, 0.7298943012759238, 0.6720747932581268, 0.6146537280383739, -0.5097574940359658, 0.49422672460424955, 0.448567169725149, 0.10982974032232272, 0.33971114887330783, 2.1651264406220383, 1.4763214836669183, 1.0522164760002497, 0.7389673862228188, 0.8479001953119789, 0.915564443114819, 0.8753626008378611, 0.7255296374493895, 0.8481092045768529, -0.5460948366897008, -0.5243345207904389, 1.4919263209353784, 1.500871455279783, 4.5096933718173435, -3.9636078562998316, -2.7572781175746943, -0.9376132538965927, 1.2061925099649637, 1.044700201195896, -1.6595723929821722, 0.3252972641000557, -0.1626202528973347, -0.06454754760729735, 0.007721542673850922, -0.08327274651939715, -0.5486654527540977, -0.29612209788840993, -0.5608763702069594, -0.2794535356389106, 0.19478287855947668, -0.020548514846935255, 0.27848184440268586, -0.07396719046655953, 0.006856383533807643, -0.645805009530877, -0.7087220719066535, 0.0012762294649945227, -0.5010354506612589, -0.703696962897372, -0.4583387869664389, 2.1894629365883005, -0.30571417047945115, -2.2871597171516904, -1.150736605938979, 2.196771716361366, -0.31474033192742246, 0.084207437850503, 0.4827398564207429, 1.0584473768558937, 1.0119734800176448, -0.7395720265235095, -4.937973754930494, 2.243140260514586, 1.8490557899267652, 0.2691028408952722, 0.08919465485647114, -1.7506910609166342, -1.7865875673694744, 0.15207662608611577, -2.192405725387865, -0.29078668632275334, 0.11060937114763286, -2.8582497208702007, -1.7983972212415784, -1.1808176649652176, -0.31669600116173563, -0.7653616975589254, -0.9005697892017517, -0.5845850006215962, -3.393234252428596, 4.025726045459163, -0.5594331776127887, -0.6564860973548146, -3.924741373220721, 0.863688465194625, -1.208255917446466, -1.0947462346385146, -0.37740326635023513, 0.539753373659837, -2.075098670136672, 7.161155461684524, -1.0795506228616607, -0.39888688556924645, -4.4349709454802895, 0.71081097988011, 0.089466310985477, -0.46958662429230136, 0.3795766192469081, 0.384958762812694, -1.3626231820299655, -0.1916373132036187, -0.08718934092251998, 1.348901642692241, 1.2055011026769424, 3.330288411806677, -4.176193588999954, -3.892789267057898, 1.301538949632913, 1.109029552036266, 2.5984475637743234, -2.3950326864183413, -1.4110721308509195, 0.23133230877187907, -0.011345090182201135, -2.3095670605792233, -0.330734146840624, 0.7367993643952949, -2.9428318472861466, 0.6666246733758244, -1.57031424719896, -0.6571893022157272, -1.7714089834268583, -3.0131489325104868, 0.5237071758225644, -2.2327785635612813, -1.0648511878614921, -2.596732924505539
1, 0.08901885563964963
-1.016443348105387, 4.365975027131844, -5.099395417465579, 1.2136580714313345, -1.1719258418078538, -1.4794640160697514, 2.021748404273851, 1.8686122136875074, 5.38744758691791, 1.666065297812615, 3.116361069221823, 6.5282953022859225, -1.0828642302203517, 3.6057765325407223, 0.4707706125183194, 0.03273090440943679, -2.1275600177644884, -0.6121571472969053, -1.4381425684293092, 4.525704059225101, 4.589114325901744, 2.982932388416195, 3.69947641880252, 8.493645256737148, 4.432756382021773, 5.902004699828888, -25.348635044926553, -31.208559719391033, 14.947641700083516, 5.42957177913208, -2.789333780190997, -5.750344961216386, -4.202030700953564, 4.483519000868471, -6.967027347627056, -4.022645007362659, 7.397489557933106, 5.55895662803086, 4.094165784045425, -5.182572720913439, 0.006920348988219436, 20.507604750471476, 34.76257882806241, -9.329637719413865, -50.649329275102446, -25.02711974689636, 2.5671177511350702, 2.951186065548829, 4.958248810800663, -4.391186921849257, 0.0008981307220519133, 47.8113346774683, 11.031872713055785, 3.1684348689921222, -38.411926072199684, -32.35927718194497, 5.580804413703868, 1.1780287033892796, 0.18887100873299492, -0.7342909771346569, -0.1855786577079484, -2.8042628249396726, 2.1713770306831557, 6.49597395976036, 2.7792799582133467, -0.77467274937346, 5.171312219503867, 0.31351952926201365, 9.386545942144377, -2.8150289476315695, 0.8215088668368803, 2.6924113985262847, 8.038735761311296, 1.7993369156025505, 6.117515069767637, 26.40371001101524, 15.36481886504457, -5.069352907837892, 2.2080311072016428, 6.060867442911349, -13.36722379041344, -20.357952160116852, -3.000202254706299, 9.326886658847851, 15.957601271059536, 8.562881334585247, -10.551804646091886, -3.671205767517964, -0.4263004123151758, 3.9336897662954122, -3.8717998906202027, 1.1285846978653467, 5.63081176524521, 3.599292525513163, 7.768337949194698, 11.500628758204503, -9.40484456256841, -3.275699589547917, 2.931601718728696, -0.12226105319214975, -3.522194158010518, 2.616914753050445, -0.7890393850049925, 8.538825054889786, 3.3607898986140645, 4.089102104853177, 1.2073902887594385, -0.18550844065333325, -2.9002449770680157, 5.23870734948968, 4.3583525543959025, -2.616459581671362, -2.9886364969972954, -3.2514005386319247, 5.483526467420667, 4.632714333761517, -1.868496446356281, -2.5263163706043135, -3.2688571996764977, 5.567001867375131, 3.7960829195312478, 2.6869721651513565, -0.9781686567587422, -0.24085901484544958, 1.7680053305102073, 0.016936596958575797, -1.3285394456651294, -0.6342803383241985, 4.971356464954599, 1.1459572605277595, 1.0464057146180066, 3.0519631709812276, 0.2961727310253763, 1.258047933864238
-0.22878989190568785, 0.6081828232876368, 0.7146165378160666, 0.23930174627594727, 0.010165739597087912, 1.4610442785376845, 1.2240639936156614, 0.31084546348680236, 0.34052689274243914, 0.5839648183940798, 0.6708059019738152, 0.7649644159673247, -0.238257667978929, 0.6426928980609985, 0.44661514299160326, 0.6088201624145796, 0.28716004632459835, 1.3826798504684064, 0.2932407048005085, 0.9531683763384003, 0.5980241534935642, 0.5818855269498865, 0.5363455823673462, 0.35865210081531823, 0.4877792216955027, 0.4629178372135383, -0.4853970613154614, -0.4518475196712717, 0.2885045394453515, 1.8586809221342155, -0.9810828564014208, -1.8823261533051954, -1.7421753841630594, 0.19029041084782594, -0.40922409470281534, -0.31499681403003854, 0.5123625515157408, -0.6125511438914557, 0.13196361035219023, -2.7105970704796185, 0.0013947104650484019, -0.12357314670826719, -0.5151268174922398, 0.2233030360235232, -0.40110368923167966, -0.28583360635245875, -0.04034733061357627, 0.4088271618249659, -0.3228394978430434, -2.951334729018166, 0.0011208851480698806, 0.14094520178155714, -0.5599610202681556, -0.1434477468510642, -0.4456887881893128, -0.5051802281988681, 0.01058469584460594, -0.4427874928953168, 0.40262336570601037, -0.27528286403655783, 1.8048217894604992, -0.5304547399398566, 0.8115747441143941, -0.0778918716489509, 0.5453337166036937, 0.0016347542716705044, -0.1283959504235935, -0.03519435714969987, 0.5512318401585157, -0.5388168673443476, 0.8325078609734526, 0.5183870590730869, -0.08221656367580096, 0.13093755366259377, 0.25588282334868084, 0.07946916863031261, 0.413140381773227, -0.597158076927743, 0.10752354508416963, 0.18226262652123013, -0.4742444365194538, -0.4363696076482316, -0.10051289147026186, 0.7857426631754705, 0.33404098674955063, -0.32868387702304785, -1.0031704943417123, 1.7925204239999917, 0.7516992741751968, 0.1458806746653664, -2.0166858419592524, 0.4333127891672887, -0.11349225028614965, -0.11225868699963183, -0.0697605679449341, 1.0255601429405432, -0.7784051953489662, 5.615155508239159, -0.11027951718954868, 0.9222404330359685, -2.8240478448985624, 0.19535488493507208, 0.5938918799692352, 0.07960935922680742, 0.7703213597265424, 0.4692253028072716, 0.885690238583655, -1.5673357017187435, 0.44785797058746224, 0.15810826502512312, 0.18806117275437648, -1.0369273074719587, -8.176452210975118, -4.950532531201008, 0.21460927436461028, 0.32697814568168976, -0.70603994629844, -2.669808473594431, -6.157302312510371, 0.6405842062153557, 1.1060492262924497, 1.467504406460055, 0.14193665258551738, 0.4965177886378397, 0.2138475198551043, 0.026529241225947908, -0.26063593979267535, 1.2480746126046423, -0.1357398054990229, 0.7881820242998515, 0.29431246391876376, 2.285589243857448, 0.22107288470967434, 0.7643701775999141
1, 0.08291501362212324
0.02593207124197807, -0.5725102694846063, 9.349543157906357, -7.621876290020384, 0.09285821530247697, 2.0569669533302264, -10.124129573329817, 10.060698134178377, -0.6835796754799062, -6.5565455575403195, -1.0778438869505298, 3.4707111887221602, -0.13076481940149373, -1.5066624523138608, 4.4913694468878, 7.306616651468034, -1.5676620544324698, 1.6761295454810867, 6.5350198532684685, 0.14544203482836607, 3.9315530363629994, -4.556830608188429, -3.207058258013723, -4.3226149302493155, -0.48999683419567325, 0.9885448524132456, 5.498778088183968, -21.110897457563446, 20.785054599858316, 11.949964042778968, 2.9759474773318364, -1.1252129656773164, 6.4377030766987176, -0.4252467381413585, -11.655228216955916, 0.4316622523898337, 2.8189610805320817, -3.7908994543501637, 3.0983447183914232, 0.24029956215479345, 0.0003413910462396833, 89.38662060708157, -10.235338881439223, 9.272964371649735, 2.4421873622805763, -1.783314679503447, 0.774072786261645, 3.3399749124993514, -1.81954759856648, -0.5804949173690078, 0.0024492809353269234, 30.94095758056613, -29.364964934072205, 0.623754120267301, 2.957136164319926, 0.4722082008932901, 6.013603492384401, -1.6356472898558945, -2.9991988540161243, 3.217288192623887, -2.5683498487847896, -3.0825785166070414, 2.2388359882051887, 3.897241663731209, 11.232182066296565, 19.88508913209801, -4.3680593947773, -0.5278726087633154, 2.7010290386201103, -2.9235018745477817, 2.677400053470353, 17.098133561426682, -5.239753961859459, 17.277574903913358, -5.205356725231949, -3.768524682332184, -6.975712877221213, 1.2599206216868442, 3.6876503607506144, 4.533072787027068, -20.037269798589303, 12.772515761147915, 37.23860431635689, -28.774397673172377, -18.625715929286862, 11.760751549437183, -17.40817421055551, 0.28406385546470425, 6.902451076620869, -5.977485193920256, -1.0946456767747226, -2.4050608241001, 47.64282394775968, 24.740494662898982, 15.407654966518573, 4.151045820577733, 5.501816384454578, 0.41067193760768617, -0.3003504640611842, 10.835278958661377, 3.598540998060672, -0.7149423861487513, -6.813097792584362, -33.78002617247766, 2.7780727720897556, -0.5797466600959355, -0.2672941715666238, -0.16988044994143095, 0.9285574241062899, -0.47687596448516756, -1.691867820906629, -2.738436785798003, 0.26982149684915513, 0.4054168554043855, -2.4268410771889983, -1.0307520498303795, 0.33464559688499423, 0.10202946772924527, 0.07327673021951792, -4.879539577048819, 1.390423808901087, 1.2624333003633417, 0.339241289780161, 0.5643130031424992, 2.703691096498159, 4.4946935151604155, 13.125394055546156, -4.226284149946817, 3.2962414870112773, 3.673146607302811, 1.784505419628487, -10.34407069735488, -7.498069520867754, 11.90306151842744
0.027071090861050754, 0.08282597303032208, 0.4749209658164026, -0.3377179290016595, 0.008258570797744775, -0.07804217476318272, 0.5402666146476519, -0.4234481599384381, -0.193774827586446, -0.039849706938753525, 0.07909216513796974, 0.25091744193607796, 0.011316469648150283, 0.09054835513169668, 0.13208760489943375, 0.17546622056652814, 0.02597497311646854, -0.010751521399533849, -1.0120431054098236, 0.6644618542267742, 0.22810704673601215, 0.034765206791284954, -0.1141469498144701, -0.3509422067409595, -0.024005515663115724, -0.0034468954639986834, -0.19430640588733936, 0.007115778004265668, -0.043833954143507665, 0.31311589098848003, 0.16709478784847467, -2.057615238002088, 0.5365032299034495, -0.032610257824576445, -0.23870999427541176, 0.08004509791920396, 0.18851320929880752, -0.3964217039344415, 0.48881399040717416, 0.2164924331731688, 0.00010314349961320148, -0.15931782502775496, -0.1544163875236173, 0.2535930038363068, -0.09005525508433793, -0.05176127435814259, 0.0246517517675753, 0.4829932847480316, -0.6546826238539096, -1.4437095854206905, 0.0002158243950710112, 0.3522150712885353, -0.061555084264445094, -0.03986795228509025, -0.07393288285566947, -0.10662721875908034, -0.16764588469891548, -0.1946148721619512, 0.7119529292903307, -1.662725228656214, 3.947202728354639, -0.4709322779453849, 0.3378820397465125, -0.4969318073581958, 0.9791304881450607, 0.3676050012299772, 0.027957809544948333, -0.024468365239962823, 0.42762357137455026, -0.4775390621551546, 0.45801205008212137, 0.39664865147575107, 0.020405085024055844, 0.1649809068193966, 0.22228581776171047, 0.09027729020951178, 0.49082097846704875, 0.20570078277116832, 0.20209176477814852, 0.08356769243711036, -0.09920260615451476, 0.010875916938205879, 1.266361194539127, -1.0554190593086628, 0.13762437555841128, -1.1450410263333497, -0.3100865625399361, -2.7313719561371195, 1.5225456634060706, 0.5055048704049848, -1.544866249349072, 0.19456021855684666, -0.33359103182086847, -0.7776028975786019, 0.3476340946535188, 2.088027022799997, 0.33332341373896174, 3.602546562582218, -0.6260093316296257, 0.7255102441734393, 0.18853759337957104, -0.20047166110978137, 1.047059413130818, 0.8881289743903311, 0.28677867738313034, -0.2842707262401856, 0.0008202388734818412, -1.0949833951960697, 0.3454637225950194, -0.24942259343165815, -0.3598795249017644, -1.0119466746717785, -2.106083910656475, -1.6241676108003202, -0.20113895373797228, 0.08454084269110959, 0.21198389722033795, -0.8146774826784376, -1.6437156359899152, -0.31843222952635103, 0.42312827871462794, 0.3955329522346504, -0.21429318226569086, 1.253906042201453, 1.0964224221554228, 1.4342948849171764, 3.5865578459091205, 5.035184688681525, -0.3620705519572141, -0.030926714804708298, -0.6514532383492465, -2.804305383110717, 1.3472912802905868, -2.9070358682954103
