1, 2.564243025192394
0.7066105344193601, 1.3566968178771082, 1.4718041519911487, 1.4655109569044533, 0.14561562530353808, 0.11619775749486642, 0.1405707680377474, 0.13309396171169907, 1.366020934328736, 1.365691644042371, 1.417191328695979, 1.4071795032221444, 0.7075984709329578, 1.3505071362943313, 1.4764811966670903, 1.4649214648993534, 0.14077779487685807, 0.10811393404052215, 0.1322852907667511, 0.12309264034627367, 1.3943597747397434, 1.3613018518969586, 1.3055413035247159, 1.4069722005142715, 1.3423993004396206, 1.3497001510714395, 1.485100577912574, 1.5051449862736994, 0.43177992241529467, 0.3231818821955394, 0.153645078421872, 0.1573584833180994, 0.14290269447553963, 0.7846816805793089, 0.7751286454903624, 0.7588661944247935, 0.8118800726194726, 1.4723997007552407, 1.4758954026257964, 1.5175023602657343, 1.1228965045985184, 0.5769407752033758, 0.12278801207090113, 1.3423655100325866, 1.8842878243416334, 2.2444236779135283, 5.1182480060282955, 1.4757546907338783, 1.4703275859639766, 1.5144443859782548, 1.0945376356467276, 0.5836809242763823, 0.12244725645653708, 4.283381581685723, 1.905696127580858, 1.7770454102875386, 1.299631360445174, 0.9391125737864983, 0.7596997539344162, 0.7276012680873302, 0.7806836496074784, 0.10916958083137199, 0.2168434215644747, 0.2124962361059131, 0.20952309768239163, 0.20390116929267765, 0.20786114257424107, 0.9199011632516102, 0.6915752655464329, 0.11055977994633427, 0.24058749316926073, 0.2272675382414747, 0.2226336482728343, 0.19751594755722185, 0.18489526206828133, 2.7165134870977803, 1.907136160007564, 0.6764812531329838, 0.222932010299507, 0.21809769433645834, 0.2564857088332641, 0.24993180611509652, 0.11850094366848479, 0.11587856248475335, 2.613332126754527, 2.0390675942516303, 0.9401814394121014, 0.8404293268474231, 0.2216016284268238, 0.22078084065669246, 0.24720650090384838, 0.13360838641523673, 0.17541426800659884, 0.27386758701482755, 2.9275152889773453, 2.3128876038454953, 1.0092607010394201, 0.8366418324735698, 0.2200642549072438, 0.2199722646059239, 0.24891108041100743, 0.13531107392421488, 0.3102192933543008, 0.17752272587352197, 1.3661620919535025, 1.3472662162416924, 0.7619911522502265, 1.571681756494868, 0.8235622498656333, 1.3849424920143047, 1.383355535421629, 0.7650662427905669, 0.8494991558923451, 0.8355789378612537, 1.3474005275009493, 1.4322852871495906, 0.7621813923738794, 0.8264527785111595, 0.8725874122387295, 1.3453011176343252, 1.3432306677471195, 0.7641722835658009, 0.8364172678704161, 1.6399250527647236, 0.1959743417195198, 0.20988447128953694, 0.15169127298321333, 0.24596846941986356, 0.12491072475871753, 0.19045061214384507, 0.22089361971747004, 0.14908010496430532, 0.13092138319239713, 0.23368153182497275
15.954593520058426, 15.467823267284505, 15.85097249419799, 15.831942156346065, 16.069110114909435, 15.856770149384369, 15.897893460443077, 15.839599402493853, 15.96821189988454, 15.9490918286493, 15.961744928052969, 15.96151773070807, 15.958244514811911, 15.786288264948503, 15.853662607278064, 15.863073881115906, 15.850356135646244, 15.522961336568056, 15.81805525300586, 15.701268068984348, 15.789208905278477, 15.765098810532535, 15.76919960309657, 15.789488020999945, 15.867086073926712, 15.572610942070202, 15.80216718671207, 15.803871479245405, 16.01133602480201, 15.672214213789786, 15.801242017247985, 15.97653890875246, 16.21422410958482, 16.040900337170598, 15.950733465068252, 15.93411179250946, 15.997570010074762, 16.000291160051233, 16.001060743996323, 16.084432395865456, 17.747868975826584, 17.75484897565744, 16.483693068082907, 15.97548574443944, 16.053716915445868, 16.383852460131244, 16.912703252903075, 15.964287839771119, 15.93388271340812, 16.01564014769128, 17.721137798219512, 16.32854101795972, 16.29388422253074, 16.65690969365551, 16.19086787215784, 16.024450232367258, 15.943095492673278, 2.160695676795574, 2.121792888805244, 2.087745619482795, 2.0576609548936005, 2.4400186747986203, 3.054379314604354, 2.614783244575838, 2.562129948799342, 2.1445871728337593, 2.1425858175136088, 2.3328157938905925, 2.4371879845269606, 2.426650337054634, 2.5261522142593145, 2.415377436922439, 2.420579592161201, 2.349027707694061, 2.3437474648860737, 2.5502382847344265, 2.691527307121087, 2.959615009565807, 2.361968573151314, 2.732249733526095, 2.5759920366532785, 2.619382850089135, 2.8521662700590253, 2.837208749576908, 2.2792849113881104, 2.3550857150931126, 2.3540439396391926, 2.3859142131157864, 2.27046400169164, 2.4248922384969123, 2.554549386298064, 2.543492219206614, 2.321661545158363, 2.3515489612466585, 2.2976864394180323, 2.368850921907058, 2.392042197917076, 2.411748387643197, 2.256974704910107, 2.3662577759237386, 2.438937516845346, 2.520081951062344, 2.363211984357618, 2.32739080118801, 15.831550785357258, 16.000885605883326, 16.20865486026672, 16.23279022715785, 15.851421538559714, 15.885460430399355, 16.052204879149212, 16.28971729789444, 16.79419725813034, 16.82557817731672, 15.835232243617474, 16.079366814020812, 16.256484819338436, 16.597813163401728, 16.61364480550808, 15.804411834841646, 15.938584557811328, 16.0769396165379, 15.78469136881614, 16.185517604038324, 2.1623605734697735, 2.0423337213340615, 2.2454429750992526, 2.179775011338239, 2.09576228640233, 2.1630779991501177, 2.0550938712227254, 2.271477872028538, 2.094712673369402, 2.1673265025583963
1, 0.7081784260026879
-0.12723553838355708, -0.24706390747003593, -0.3066546366074357, -0.29268297235020524, 2.345886912899653, 1.7602223183699017, 2.3231807685804036, 2.187656534083162, -0.2492396982457949, -0.22586688446845865, -0.23477099199898055, -0.2537616989037757, -0.12742239751292544, -0.15511107133035948, -0.3102328452788639, -0.2907601084559303, 2.4634321153280636, 1.6986559555087393, 2.1850862914662357, 2.063007131273109, -0.3074008577229539, -0.28983784364918086, -0.2738899597016402, -0.3009985322950582, -0.19198123192131106, -0.23969833705463292, -0.3176367402624054, -0.30285531103795965, 7.320085688316537, 4.864053867369775, 1.7711150336898684, 2.472012399420238, 2.217357472457178, -0.13834275632164178, -0.09817144453442044, -0.09782083914631794, -0.13840933782514733, -0.2896281411519553, -0.27635652769503477, -0.21673670261219757, -0.5067319862526533, 10.191426343099488, 2.3871698300041975, -0.256583090375865, -0.40623791549529054, -0.499171357518004, -1.0340998615708639, -0.2812865347839877, -0.268349073621675, -0.19149451526764186, -0.49958182331870893, 10.265361491004784, 2.290496903242213, -0.9258281754397696, -0.46217510760330993, -0.32449080010161546, -0.23905506719155661, -0.15489932514437874, -0.10545697274521913, -0.16329351327613725, -0.13645676052167888, 1.7118796011674855, 3.318644149053899, 3.405849215020581, 3.3729618379554402, 3.515695979232565, 3.5755626590712795, -0.19100482229392018, -0.04837446602454399, 1.7233147022386217, 3.2629935327207025, 3.353549056027844, 3.3876817010003593, 3.577711521336682, 3.362720177448636, -0.5489486095806716, -0.24366441148795434, 0.08619960549949612, 3.2234145293851335, 3.2411339844631297, 3.4805206064683514, 3.505273729533161, 1.9972247364544873, 1.9412556651557067, -0.5489388132763973, -0.3453376543321045, -0.19882725147354122, -0.19556870226104942, 3.3829061133346134, 3.407165096275201, 3.482211882915129, 2.07772886508445, 3.093045838494894, 4.831222760184966, -0.6179111279853367, -0.38972295702424276, -0.21996621698559513, -0.2166803689263817, 3.4100222476042896, 3.3749119801835556, 3.428579167576962, 2.091027178921305, 5.466068373340456, 3.1400179705425257, -0.2859275132390556, -0.22117030113517336, -0.07362629946489926, -0.3101278338827698, -0.23451621443323742, -0.28710791207550657, -0.21952487775523427, -0.0340556546712204, -0.20229482236082894, -0.19664826659840096, -0.279488492506278, -0.22726851989161884, -0.030983345574108045, -0.2165932805537541, -0.17144937857947826, -0.2808435193746119, -0.22110440953224844, -0.056481988630315456, -0.27126595475591503, -0.30333349734732273, 3.3807937049551553, 3.328914770518251, 1.8358749962565568, 4.0312086173806625, 2.064535797152527, 3.28654552798089, 3.5068089028039116, 1.8166508954775258, 2.169896534645206, 3.8125907596896482
-1.2581681766090194, -0.527758853872718, -1.2421433245109321, -1.1644680257266822, -1.4997786032644125, -1.4866876496117483, -1.5012109333869659, -1.5048624397403834, -1.5061386866554265, -1.497835819016906, -1.4986989978194083, -1.50149668902279, -1.255383837457989, -1.2385276223256876, -1.2370234948614323, -1.205139597622715, -1.0673500381161576, -0.7444472360799012, -1.070838753213037, -1.0644484557224285, -1.044623762198811, -1.0032609887522903, -1.0050651602667884, -1.0520975137015238, -1.3423327765250346, -0.6685300287643359, -0.9581192403229267, -0.929824416051552, -1.1035957372845568, -0.49061580649047026, -0.026387734259494474, -1.428003150617799, -1.5055567331937738, -0.9454047504141379, -0.7531425091631911, -0.729849756104955, -0.8374436071828883, -1.4095796393003284, -1.4077376594124336, -1.4913776912607752, -2.6735271960685414, -1.5213535300693217, -1.518231684643285, -1.2921350169294956, -1.3937752910234014, -1.6255396373371183, -1.9515850459270832, -1.3630888680938191, -1.3230628273032332, -1.3987569629191392, -2.6381555962140735, -1.3180772816534718, -1.3540617646664832, -1.7656574272588603, -1.4474704407859835, -1.28947225522333, -1.2397144711421646, 16.725463273505127, 16.059058732735533, 16.598859877223603, 16.203411659509314, 16.474306346704797, 15.233550950335985, 15.8516084671877, 15.92232673571431, 16.43533030322675, 16.430166770677424, 16.265747344303374, 15.598162869196015, 16.481341289817596, 15.941793455786318, 16.09062059801021, 16.074629418314824, 16.099681509455394, 16.079674080876774, 16.65328833053246, 15.38683912926032, 16.61754840257668, 16.115140133863267, 15.575775364423185, 15.996600546749278, 15.924942157463462, 16.426984099077227, 16.452780676636, 16.47251961055991, 15.961130309534855, 16.139687746832934, 19.56426030633188, 16.318819010780096, 16.149277177939982, 16.23854218023748, 17.958944572331834, 16.220227137979823, 16.84213415903002, 16.495565323812773, 16.34648474008258, 16.257077421966727, 20.580286572356865, 16.37942786782154, 16.232127525421074, 16.4005816412766, 17.9893505821257, 16.951251200889825, 16.259718570818222, -1.2033827167059994, -1.602460146762915, -1.3473023072087742, -1.4982435392917413, -1.4139546754141, -1.13721491282526, -1.6124481549321006, -1.1978904758336348, -1.7797081137356257, -1.8119906628963387, -1.1279414487219133, -1.6035678440040464, -1.1944687072565483, -1.6155844812021345, -1.6248643018622186, -1.1974022876450532, -1.555393066592633, -1.2935249422595938, -1.3437178415961155, -1.4578377494749797, 16.189846553365726, 16.385554763232633, 16.843911672389353, 17.402359230913923, 15.842481153562813, 16.18943970804565, 16.64058920715753, 17.074778213451438, 15.941586645607488, 17.29085481587392
1, 0.5117790295613031
0.46481677675220456, 0.7056989518158068, -0.11722439000313645, -0.0967701922260873, -0.1373130581703918, -0.09292460009830208, -0.16007715542691406, -0.1585541831426904, 0.7421955673142759, 0.8057380356772382, 0.843271692453643, 0.7115291110955975, 0.46612691288717367, 0.7077375932362273, -0.08777599249023992, -0.13644835794388321, -0.15635211632683105, -0.09799982241674297, -0.13535400428017913, -0.14503807937288196, 0.7472799383470446, 0.7971960412371232, 0.7476228649868425, 0.7113181713275876, 0.7867400720995263, 0.7806839701615567, -1.00826707049642, -0.9992553488951179, -0.4574721421287327, -0.2635793905279664, -0.053691325887162925, -0.13359427770220428, -0.12509263340605453, 0.4248025190586732, 0.5174794656769234, 0.449418415650394, 0.3993533165208557, 0.894445441318836, 0.8885330045118699, 0.7684315159157572, -32.75736519035939, -0.7187093321438959, -0.4100046970095428, 0.26616879646535874, -3.425891841992657, -2.8434244123366295, 1.0460376575130899, 0.8862201536019741, 0.8850716053337027, 0.7587294497772649, -32.791080791296906, -0.7423666074375436, -0.3472501421752468, 0.5904226669263024, -4.921390915137701, -0.9220152376973721, 0.33492493882040575, 0.6282780599093943, 0.4392800588486419, -2.716845357537354, 0.5044201710676072, -0.09533442515518172, -0.186727703509632, -0.2345625256352765, -0.2265099000409045, -0.2145540357662058, -0.21922350370915095, 0.6609347725522727, 0.4699838286021259, -0.09606511430768341, -0.16152561980850758, -0.20767648165253305, -0.215711100524707, -0.23003712160932693, -0.21759982485637563, 1.657992807653183, 1.1726360728936742, 0.5049372226310643, -0.1691276870728696, -0.17272655890703045, -0.24544897458332507, -0.2305613441376716, -0.11368687661766369, -0.1096895125330372, 1.1027738154530902, 0.6883905507617574, -0.04127988827834369, -6.1094963226848975, -0.18793344970489548, -0.19081003769961954, -0.1751909131705261, -0.37986154726118637, -0.19180348690776977, -0.3174084170135293, 1.3490063393287823, 0.9102583907005825, 0.03824153442292451, -7.372831396920832, -0.2001398591115577, -0.18775981816219342, -0.17458128378942, -0.373071772224739, -0.354277331398022, -0.19672463951710348, 0.7590297819660389, 0.7551965049097373, 0.3840388718550043, 0.011095107889721114, -10.946097154916973, 0.8338375535001887, 0.8378895919077264, 0.3826515299477003, -5.148338052605772, -6.183503859301525, 0.7966662541519179, 0.8461019353199284, 0.3686980384692067, -7.4111468924017965, -2.2651760775865792, 0.7225804894868135, 0.7193329289355043, 0.3847687933388491, -13.685610563210533, 0.21189600278501508, -0.21346632271462376, -0.19284263122082157, -0.06296610146108936, -0.25327937234868353, -0.17328538041949795, -0.20711733573100263, -0.20361409189606214, -0.06525776334094954, -0.1725294953575347, -0.24612160413184214
0.5918478981352319, 0.4898742395263813, 0.5369570407097671, 0.5347526096856258, 0.6468240891495896, 0.5374377342167472, 0.39456207705540175, 0.4310102699099574, 0.5096876565938757, 0.5445574932686422, 0.533984856055917, 0.48977711774659854, 0.5910641886991803, 0.5089396691994229, 0.5387340024167676, 0.5325840763006037, 0.5855045628511465, 0.5116821882820869, 0.3328115891071123, 0.34762459936660717, 0.4929301730064614, 0.5288530258693819, 0.5170728696112222, 0.4776842233284897, 0.4578067912957552, 0.4368340358686455, 0.4376612566348312, 0.4365884970806865, 0.5199426753676157, 0.5863299544032448, 0.6842904680884705, -0.08398394030946968, 0.027108010440950972, 0.4617892044166111, 0.4502399881824499, 0.4337645410401796, 0.4591811962224266, 0.011242377947940089, -0.003943959027443733, -0.6341465429021309, -22.61782310551186, -1.4559249997546566, -4.117321123307013, 0.24235365914760376, -2.3290654328041014, -5.8936656445735025, -10.669393391683117, -0.0002625384184822128, 0.010646554220710402, -0.6501375649648271, -22.599628862912873, -0.645550357287491, -2.099270339674291, -8.357387116559169, -3.741469884177247, -1.2221668960574745, 0.3122174910629253, -0.18458725506869447, -0.17565871331457816, -0.19241122996824317, -0.1880855941513522, -0.16468459670095473, -0.11277192618538376, -0.15423358233024176, -0.15999933742804184, -0.18076401196570888, -0.18068398133063496, -0.16673808356246803, -0.14715697998535776, -0.16510527869532687, -0.15115561824999707, -0.16003658495478365, -0.1593833666824829, -0.16303898143037615, -0.16306805622156967, -0.15661653252338498, -0.1316973062495245, -0.12777595990996748, -0.16426115718092768, -0.1344005531861262, -0.14784155342187824, -0.14787449597028984, -0.13130508032857402, -0.1345485709794171, -0.18181372575405996, -0.1685398314252621, -0.15885271668761838, -0.33360913567475814, -0.18056019595891315, -0.17231436812030207, -0.18777320052881413, -0.30762656280231226, -0.17109476735696424, -0.19681679279595646, -0.18177883082900742, -0.17815782160474164, -0.16403381723953764, -0.35602533095724603, -0.18097331961796015, -0.17695069969087707, -0.18467939527032506, -0.3357935782109846, -0.1989183953526535, -0.17288237216662328, 0.4725334488149765, 0.49011000038408986, 0.564799378794425, -0.7689902088251611, 0.3498910851633355, 0.4440860756334445, 0.46756651051637915, 0.5914954415138394, -2.7341026209818247, -2.042762731291108, 0.44266041313217064, 0.42837875567014944, 0.5068669637668272, -0.980842205160411, -2.238503052518885, 0.4652422775240011, 0.4802095586960418, 0.5373581523381736, 0.3811378258395514, -0.6925136626588386, -0.172460515888248, -0.18399159338817594, -0.1747593251935449, -0.19491590084611396, -0.17359978298962575, -0.17285390127852282, -0.18823245500608246, -0.17730172172652656, -0.17564200728104487, -0.19468435088753777
1, 0.2542261274359923
-0.02234152127133126, -1.9646685559084847, -0.020422661880946272, 0.031876976816400865, 0.04536263457910145, 0.03394244911485911, 0.02441529500539092, 0.027011799466510427, 1.8311612128518944, 2.309214183508644, 2.383793029239927, 1.642547861844021, -0.029097514546305256, 1.945007032849929, -0.05451941426485614, -0.06472992596208554, 0.11167257743344845, 0.06255552091403828, 0.10175906831461738, 0.09038187458374142, -1.9289532801465648, -2.3579848157703522, -2.1341454681921754, -1.6802837098117012, 1.6829771426467226, -1.7423775558180359, 0.00029720959917977415, -0.0012652218268992634, 0.3283549153804662, -0.10056094969768266, -0.11635611213350479, 0.008092775608112134, 0.009098785812016699, 0.026656910338971638, 0.024644286979922655, 0.1812801041004875, 0.019228076904429535, -0.0687358804272802, -0.03374749197406049, 0.014181640949605476, -0.006749786381408789, 0.407813263293211, 0.06717007239341784, 0.020902049673024805, -0.039453546137139354, 0.5092479488557629, -0.089033141834508, -0.07840954878227817, 0.0208240319531587, 0.0227229110398795, 0.008691916513522753, 0.369195364712073, 0.056509313785077085, -0.15473281190265686, -0.14829631465928256, 0.27063447213262853, 0.0014727351088923532, 1.069607764849384, -0.773035885743152, -0.010013781881588734, 0.01729535070144871, 0.05965234331846844, 0.12731573099369117, 0.09723738625091659, 0.10718534690648922, 0.03810981247848848, 0.03205090370858596, -0.9281850594940653, 1.1882178635355387, 0.10583117077570424, -0.07578052957255528, 0.05612067338220885, 0.04581263044704754, 0.1307732378587745, 0.1189461979937514, -5.629801929366629, 3.924199595431823, 0.13020427379324945, 0.11533916903093767, 0.0883134979106062, 0.026704370031837725, 0.01416210201043675, -0.010306644288353635, -0.024887178039446862, -3.2859056250378416, 2.299168159901303, 0.0424311096277464, 0.012615858120418835, 0.1759979474772993, 0.058258678623663185, -0.01316373271278545, 0.01930814355480302, 0.03456591956513536, 0.1286052244289017, -4.06690571711458, 2.8868031950964728, 0.06976893435562996, -0.010943680167928344, 0.16669333811460524, 0.0635971754165398, -0.01099123573913139, 0.023954033394322435, 0.15184963052906458, 0.03604902153512193, -1.752370836987832, 1.6588206367698948, 0.031950318311539265, -0.03407688912648394, 0.016741848228314694, -1.9027833562865615, 1.8322725534034958, 0.038706344487267536, -0.011707834831594922, 0.01137146982348924, -1.8048604122452339, 1.892690608726258, 0.07957925534326693, -0.013072235024572137, 0.005858406535258311, -1.6608556977449227, 1.5977124822243338, 0.05034187473942826, -0.01811357104603538, -0.007576673409815871, 0.15201165564479732, 0.034532339653318575, -0.10084632034989867, 0.09056700350747253, 0.03237019498274094, 0.14862038148490087, 0.03343310211032385, -0.10223397168057922, 0.034113632176195376, 0.08607009668859494
0.7080388332495993, -17.099077858348437, 0.5105041450878478, 0.8243034711407322, 14.412765815198714, 28.544584978077932, 17.43560073978997, 19.016363699964433, 17.99479864883514, 19.30543836228837, 18.7619712811448, 17.241519299482853, 0.5857865208732982, 17.96497701526668, 0.3852893660238057, -0.0015402713624401438, -15.983960311697436, -28.174155912695564, -15.905822237512444, -17.18788165672664, -17.278593398301446, -18.529640907309176, -18.388260789444704, -16.509582696964095, 20.079428208941792, -19.882188006384354, -0.5052716176027081, -0.5604958702483477, 13.845064017545091, -23.84052471398337, -4.140193763662388, -0.9621334257664761, -1.6358093250229315, -1.5454741614788183, -1.620970032392835, -2.2467223519066564, -1.6171063641376808, -0.017734823434461276, 0.10320285532719455, -0.38983686130196255, 0.0874477061368435, -0.06661257121332675, -0.2199243058438427, 0.006866738653928771, -0.19357662929994768, -0.118407058079547, 0.019065112586702154, -0.2727642115547032, 0.5407080384292167, -0.07910066713026831, 0.13024330286085883, -0.4451022968037804, -0.33608318132872333, -0.16820090842910795, -0.2725065469953549, -0.28076639000350817, -0.053333871279976075, -0.8188678367165382, -1.0032236464057218, -0.49412712650839097, -0.4925947148531234, -1.393833795005869, 0.9233815495382989, -0.6573461945621877, -0.6275015584767206, -0.9000580689499755, -0.898593411721112, -0.1359922103553597, 1.0135447951756849, -0.503605332572362, -0.7391497680206179, -0.12080978748785538, -0.13620144646909418, 0.1151395978314744, 0.1272930251009796, -1.0146234583051434, 0.8625364634370158, -0.22894362773029478, -0.9835702735695758, 1.0636826270970854, -0.01645681098607178, -0.006360586534108525, -0.08365276288606395, -0.048612700588916466, -0.13265062576343334, -0.6259776739740583, -0.10540989172978708, -0.6025389110469619, -0.389838424245123, -0.30917590211001134, -0.2660288277400393, -0.3054991775407951, -0.3038460484869028, -0.2844023818907348, -0.14225134795537173, -0.613966853495254, -0.10131993305184193, -0.6876539906198976, -0.3830848976430615, -0.3305862837739427, -0.3232357118151642, -0.29968034176942393, -0.2646654585726219, -0.2935570531994579, -19.36282333122825, 19.502649341633216, -1.6025052299256717, -1.0134302952632237, -0.17387788508072533, -23.512057249446013, 23.77556236038004, -1.5659405063612848, -0.5999654048799654, -0.007732311957939428, -22.970070184265953, 22.354866549184585, -3.701256073927975, -2.398566088897642, -1.9082433880329703, -17.08002943010828, 17.34343747809761, -0.9368633554071626, -0.12838575730515522, -0.39459465762291557, -0.02995656656010805, -0.824872236807156, -0.34737393570992076, -0.455602685856942, -0.3741243884837742, 0.00614677734059601, -0.8453775503184577, -0.2899138692240267, -0.3307779909440396, -0.4406262423486487
1, 0.2209567995610213
0.7531279240912684, 0.03137822796930788, 0.12471380764937937, 0.1934355620073923, 0.144032854975112, -0.26687067955001365, 0.044565412642820254, 0.04646024807262801, -0.31794648863052627, -0.39726690343616033, -0.29650500323868284, -0.23932771644429354, 0.754640312347205, -0.29686845822101643, 0.1332964769366395, 0.20834587263848062, 0.21188452598266894, 0.06577739810746781, 0.09553073230222081, 0.10008392597217439, -0.020776732919323165, 0.05044007021586182, -0.07651969830775138, 0.08009688739111837, 0.4209328074144798, 0.7197055083240124, -0.36146359214211454, -0.37232745260639233, 0.24292647188964914, 0.009299730566597587, -0.7143335340348527, -0.1519414378136415, -0.12091553225086907, -1.8315880104664102, -2.394356064909987, -2.0611414104965458, -1.3712148596648372, 0.8472809970199291, 0.8389166932234331, -1.282388090421715, 0.06558118810037648, 0.5230949858260402, 0.18048037969051234, -1.4817807417889577, -0.995755211988708, -0.5085926372701168, -0.32210111851782586, 0.8530350586245928, 0.8437211327975355, -1.2222090733014164, 0.06954157639997031, 0.5523170941424419, 0.12124435375660628, -0.32396257634597575, -0.4035909378361607, -1.917439381324139, -1.2771187850832664, 0.5756775985584318, -1.2243511588745537, -0.12555580808541855, -0.1957799474908154, 0.18279831815422348, 0.0640853895497311, 0.13783872640138636, 0.13020554229922504, 0.02051236256834416, 0.03811862493132469, 0.9890318542056945, 0.17412839604668914, 0.1840524697700139, -0.023450757784120518, 0.14106439849314528, 0.14586220872471523, 0.06340411422031154, 0.035143775861544, 0.10248862602666056, -0.6295606361174481, -2.856647151210001, 0.1350389275207279, 0.29729170750337985, 0.03720878456560098, -0.05543936305554913, -0.2838142782131637, -0.305739762238453, 0.7054413594716997, -0.013887576573198144, -1.0464915007627655, -0.39541734548720375, 0.22205518593961063, 0.2552908160468168, -0.2275571709851055, 0.05630160611834191, -0.17111496636561824, 0.1689734425401179, 0.7318016868725061, -0.1415524416071483, -1.622632107059156, -0.4395439899053149, 0.22501445924872696, 0.2475402428429476, -0.20943531534738138, 0.06660736795200496, 0.16268013669629236, -0.12920834842082474, 0.7196325701069886, 0.41072307283664816, -1.9305543350037864, -0.26058615577817135, -0.2515331560508713, 0.7675410422896695, 0.4398756306121159, -1.9332824933465615, -0.4122268594898557, -0.3473122273417488, 0.7516262444644483, 0.4237102175214771, -1.8494184034300178, -0.37359190233945977, -0.39826164605987663, 0.7064472531144774, 0.4193229605096319, -1.782548917202822, -0.24100920058411363, -0.18131289801411496, 0.21109426977430512, 0.15833482875685595, -0.5824953144590596, 0.07048194664502506, 0.0033810999351890293, 0.2054656038822044, 0.1636578858681286, -0.5391701044928466, -0.009680122940622182, 0.07431455359145961
7.884364451098924, 2.704675253355273, 4.281813080486347, 4.277235973397717, 7.617423084665375, -0.376074423357813, 1.4752665146554012, 1.348455353004735, 3.3815282131351254, 3.566591551438857, 3.6048764449731476, 3.3869352341381562, 7.875993974483444, 3.4203459759097514, 4.230639992927248, 4.237337035527769, 4.958564597354787, -1.4873344910491932, 0.31933837901978224, 0.026251831471760866, 2.6968000965490884, 2.846238838881858, 2.6892185141276075, 2.743535127700765, -0.2987596262395772, -1.0376204191868954, -5.825357912974629, -5.726125216353945, -11.9057227682891, 2.135940205279926, -30.277184287820024, -7.585642140549227, -12.382747595471788, -18.12524099076007, -18.087592974905636, -17.418087081042806, -16.84430039387948, 0.4240752067976024, 0.44438030523638355, -2.718173610219089, 0.3601216809590983, -1.4095588805919916, -4.026675329132246, -0.7954935197966245, -3.438546524624797, -3.1127600712294847, -2.208637249255049, 0.7965440057649341, 0.8611312395704754, -2.0713080259913785, 0.4327847391823402, -1.6775221466854666, -3.797938946963478, -2.5790012755604104, -3.3848400009174244, -3.300481011720752, -0.5718157025009907, 2.4985554668911187, 1.6597402494268216, 1.4821299787317792, 1.479986851017849, 2.7168507078462034, -0.5501153112484717, 1.3313160701847957, 1.3721331970173825, 2.1139744161684373, 2.116645218229663, 0.9759347891098982, -0.9875113558544687, 2.5221665365076955, 2.5233570205861793, 1.6532789568498258, 1.6120950330472976, 0.5354746772147834, 0.5130259421874618, -2.465880646798135, -0.5644735573210768, -7.372135997690765, 1.33628668712527, -1.1339086266392142, -1.0831204539835824, -1.0320046150262485, -5.6858887443090085, -5.392058469045241, 0.7358682359305501, 1.0444159167326885, -0.9631980849379753, 2.309482652774516, 1.1155305189189564, 0.9208290069053501, 0.42152270818102233, 1.311081053602225, 0.6055750513287163, 0.30820619539452665, 0.7254247720034457, 1.1737701677966215, -0.8735470930656836, 3.0503337711841434, 1.0943405247399995, 0.9629040039651503, 0.07269074660815647, 1.2491122326619333, 0.3989673040422014, 0.6203151294052958, -0.9803787486486879, -0.45370163609869596, -16.961851232244978, -8.816237011807756, -5.546672584943055e-06, -1.651798567835431, -0.5512513504587493, -22.458255921976058, -8.65348653765121, -6.378320292416562, -1.2118247154982411, -1.0486432996197999, -19.578885047342773, -4.756479822530294, -10.27237950546059, -0.6401126327252743, 0.16092963090924814, -12.734881655589817, -0.1420247683597425, -7.726911676657091, -0.021091191001195123, 1.259647531971833, -2.493026929551641, -0.3951354176316646, 0.8995889457162394, -0.02167016514300076, 1.1824163025964685, -2.8380040641811703, 0.9120103527126847, -0.22325277774542052
1, 0.18545758619035105
0.1872205675455224, -0.2577578110916322, -0.6691795608347503, 0.035840757093708604, 2.95509984768357, 2.0799478577547212, -3.8205188286688556, -5.569543243115783, -0.23998931872604534, 0.06512173626299639, 0.13501591344557523, -0.03558250302247845, 0.1915922534634948, -0.15155152904910676, -0.6931080322494191, -0.23951227340513512, 3.368224959623145, 1.8948004377455954, 0.7542317485580193, -2.295495367599086, -0.3754225751504174, -0.08311131079959469, 0.10738908593930957, -0.07288622174589071, 0.14662686862721733, 0.1469555074327055, -5.2614218218270326, -0.7133541198665874, 5.743243272461763, 4.644219698900875, 2.3515451206554774, 2.717638895846852, 1.9666573203957816, -0.4253418751670195, 0.12683839275238132, 0.41695221544020133, 0.19137421124744197, -0.034912330679639295, 0.004905545460946835, 0.20247996131820137, 0.6314954745316851, -2.70557518318303, -64.26030773424091, -0.6649353164255105, -0.6627609610680549, -1.4461758066455392, -2.420043921694616, -0.10599192605937144, 0.06436018361457616, -0.6117335852477008, 0.07889028411119658, -2.741941456531031, -48.88116177674931, 1.2377846883185053, 5.231935919439559, 3.2683390245674557, 1.4636105045367844, 0.09368835120173964, 0.150187590372561, 0.8167586462772154, -0.2783337949563564, 2.8788204018613857, 2.8352884016450215, -0.6428372612138007, -0.6324465505768381, 3.291507148246696, 3.501356578765637, 0.13497504648346656, 0.27991723745915065, 2.896433368286631, 2.7655130185322654, -0.6240430407938254, -0.563197398781631, 3.3417966526468246, 3.107750414515927, -0.856444332122987, -0.3538503588302994, 1.1462310323023015, 3.781516461419292, 3.7298674488761003, -3.8241649236166824, -4.644672717946718, 2.6299140243746786, 2.9730425778943474, -0.33141176146277557, -0.3995371415405881, -0.20357859495055167, -0.21418059615814805, 3.9433165371999306, 3.967282264376974, 2.4615946002994478, -24.89867910039014, 1.09218782561834, 0.7568758666640744, -1.038906637595785, -0.8662062188703673, -3.422980986170515, 1.954387167143624, 3.990256623569052, 3.9215364746464716, 2.753677499641957, -25.068529709872752, 0.38635500695721803, 1.156830648627144, -0.22227740645365948, -0.12427820214986061, -0.3416427768824857, 0.3973114243265663, -0.026322331106828176, -0.14262640930219112, -0.03988259757308309, 0.08460306841701512, 1.4361702680796224, -0.1956213693478889, -0.10266787942822038, -0.040279142149918644, 0.3136958012891579, 1.9533602472754303, -0.33486790394237953, -0.08531649526780871, -0.05199577082897171, 0.3464834323411996, 3.405044653476262, -0.5705658969150278, 3.70982234878175, 3.6675653856422525, 2.596438106980448, -0.7354433518255225, -11.290172344377673, 3.623522662402232, 3.784104731985218, 2.589077084492194, -9.681399030273461, -1.2448248922650387
-0.04118980828099356, 0.01036087170504573, -0.09037233240472327, -0.13037329422442281, -0.0975703046921935, -0.1061627225486, 0.1154941871501972, -0.15536112678826886, -0.1154386248620156, -0.0864357785713937, -0.0507328400411691, 0.010266648638930995, -0.04390034798414206, -0.023736607409700655, -0.045818898607979115, -0.06818218087216682, -0.04656951549685424, -0.029191103399291235, 0.16604881685363346, -0.1652846798333028, -0.08309001581616818, -0.045008919780416067, -0.015288935330227696, 0.03152488879160295, -0.06405686224026026, -0.01747347871950631, 0.18456629986100545, -0.2608793824153141, 0.036812788631336475, 0.026792011394119117, 0.3055854716635996, 1.0703023629462418, -1.4641489872276827, -0.34368065825734323, -0.050266778069820044, 0.19924128246022105, 0.2612352782179614, -0.17518735806960928, -0.2331263795789023, -1.2373882469578403, 0.0901080615698433, 0.4395555021684415, 0.8597476003418181, 0.13922497193978886, 0.5824574896757769, 1.0894933709581864, 1.7589375413498411, 0.34644652536160625, 0.26648642625323304, 0.9924292813308164, 0.2659737713436994, -0.2585017525820208, -0.2516236141641949, 0.08311094148306876, -0.15945254152486824, -0.2833266454612585, -0.30617017606929103, 1.2367947754491602, 0.6894832927021107, -0.17087621273658726, -0.18724529128389097, 1.5042021028791817, 0.9899524783011605, 1.0063497269133974, 1.0229305023766548, 0.977806758832352, 0.9835359300293021, 1.1324896605327726, 0.8431616708610518, 1.4995095703878132, 0.9751160137066336, 1.0304885686441123, 0.997742758618469, 0.9805085440347872, 0.9652294825213821, 1.1299938134365037, 0.8683090213576418, 1.2555757928615028, 0.7397701817238816, 0.7439768347820876, 0.6002420708815297, 0.7242856566030779, 1.3212493799472271, 1.3523626617974478, -1.162189692724871, 0.15813754719310177, 0.9411251837009523, -20.264829335304572, -0.1430117272925067, -0.157962774067861, -0.9224144989893831, -10.759714049226634, 0.024282323164523945, -3.38488387430188, -1.4839352715838758, -0.257947721798015, 0.607134433143603, -26.402007437547425, -0.1287402278723841, -0.10172196667244925, -1.2565549748550124, -10.661494630881784, -4.086164111778946, -0.06170016345834118, -0.16303140585362774, -0.20948798840829486, -0.4547573836664023, -0.2652975883145096, 0.1360240338734608, -0.03501580153941699, -0.09584672477497264, -0.09982468972324482, -0.6017467019882146, 1.864977997721187, 0.07443328524451129, 0.06351454171512741, 0.22081659487923933, -0.7030420371297765, 2.755755537239394, 0.09592142033996374, 0.06401844696363608, 0.1459577677045266, -0.3858413403387035, 2.0613939318497057, 0.8636362403258917, 0.8484312866089774, 1.4411653327393537, -0.7383707839853793, 0.3024780529772815, 0.8808007830970651, 0.7853186339678674, 1.6254603713446947, 0.3904953557305269, -0.47250471448558234
1, 0.17609445713287344
-0.029329025530113524, -0.0452345162509191, -1.5971108903913245, 1.8236864919097722, 0.39542674237650877, 0.273449113219448, -0.9614152327150797, -0.497797563613527, 0.1300921069176824, -0.03227792900094104, 0.5559501941942753, -0.7967591537382644, -0.026297101153381894, 0.054196326933914234, -1.5739705959569403, 1.5314947089879076, 0.4462608594500844, 0.26319718915073587, -0.19490958217951476, -0.18049228798652395, -0.007224083231676132, -0.15784094672243612, 0.6531613543537587, -0.8042365221815146, -0.006219806147447837, -0.06864163813645675, -18.369324390656143, 19.398285583566253, 0.6455550399098389, 0.5752032373625537, 0.3034788152743285, -1.02173625610865, 1.4161107221652738, -0.45909952975164436, -0.23318162841336906, 1.082040760891678, -0.5926441085915285, 0.3840701543645041, 0.3313313818664476, 4.979947593024491, 2.0316690937925035, -0.2900123288374666, -10.950890082183054, -7.366123892578473, -28.32674026438854, -24.92344318960002, -25.896436094250657, -0.6056154270071153, -0.5212770916418409, -5.054564952588897, -1.675534588594106, -0.8668937163625322, -5.561939746125419, 21.76565191496465, 35.58372511804856, 19.63592664848824, 7.78621891223463, 0.018514591042807966, 0.21126569183100494, 5.238238873730182, -2.8295042032896447, 0.39522653112941936, 0.3359847885480886, -0.1965380572327179, -0.06625877196711465, 0.02182075679367356, 0.7646119165528692, -0.061712928075228345, -0.004695722505468889, 0.39778541119892846, 0.34131355197123237, -0.21270846432452753, -0.0024411087993243294, 0.009374490499957297, 0.6939794590888831, -0.1552833961862172, 0.13038948188436938, 0.23877207379678186, 0.5287633923818985, 0.48798567197354176, 2.4810221398581414, -4.028785491462383, -0.05496989598502461, 0.767302362851969, 1.7330529769562684, 1.647749592084194, 11.184017079024128, -8.600967675447748, 0.5045662623925931, 0.5552068921594673, -1.2109429478535538, -2.549858885155137, -0.0005142864236207998, 1.037806505093144, -1.5817925177890295, -1.4710276358467194, -11.47235034057601, 10.721049657596172, 0.571231562925739, 0.4878901279379423, 1.7985912625298353, -3.9441715612428303, -1.347755674738843, 0.10069063689640255, -0.3658211396467857, -0.26221686003354366, -1.0488995535662176, 6.004576245350836, -11.860322944343757, -0.10355168622547284, -0.005331078552874123, -0.2137877837592283, 8.643766044294622, -8.518730037513423, 0.09662490190131487, 0.17169203601250466, 0.9004907374977147, 10.55786641997206, -5.799736982676594, 0.37811074192223204, 0.3997696395535808, 0.77850710129682, 16.054009099783823, -6.155230364227825, 0.46247217768173005, 0.4724533843530506, 0.11554149784036742, -1.0332499549535608, -1.351110044022419, 0.46302886325272236, 0.5027989237997743, 0.5790920394377559, -1.7447146101271407, 0.6026614471288165
0.10547122417399346, 0.009829693853373936, -0.1771600138939037, 0.29737957633713563, 0.12960841204625753, 0.0444586517859358, -1.240551471540595, 0.9628147053944509, 0.4819410215420801, 0.11796921996164117, -0.15019452300039757, -0.5358313318181083, 0.10384375201321429, 0.08574080308645443, -0.15296061443966083, 0.25451494044462514, -0.017383929856391533, -0.11453944033911671, -1.6684362897226603, 1.2061682787952246, 0.37417800733527873, 0.01322016445308548, -0.2362939475062995, -0.6121471814222118, 0.025549740465965816, -0.06822880665159094, -2.3370235661863954, 2.2555859994280616, -0.438819618674868, 0.019739919940518033, -0.5877876544324617, -11.688314880202164, 10.392898767792392, 2.1032484698757896, 0.38283446468925914, -1.676032267775628, -2.3172311663533143, 2.034634987971566, 1.9910463822302145, 9.127947229870092, 0.4683978096041054, -3.3662677960742915, -4.785473364647992, -2.382307640160969, -3.9547172527620478, -5.152813869597663, -6.649938087179282, -2.284115711551397, -2.22415160784961, -10.178436151118532, -0.5290669764521703, 2.916973209159888, 3.8660091641429, 5.4945310532675435, 4.2429917176133864, 3.449782100261551, 2.339348498236832, 0.04433161466291117, 0.027801379604236443, 0.20323507473712318, 0.042042516548266864, 0.015479144243702812, -0.13052643540617023, 0.11587372736331313, -0.16219811253945338, 0.033631785529643826, 0.042904316917998946, -0.055269566281365895, -0.1772812636375405, 0.009935693347847349, 0.05501113155602981, -0.08489380898745243, 0.07305310614101784, -0.05801892527543185, -0.08691048027377203, -0.21652529982528138, -0.08686999993770679, -0.44441587813479816, -0.005717932056676346, -0.1661096152594629, 0.8142686081087248, -1.0852348305178905, -0.10103295258415583, -0.6893177479398818, 0.6179152541541284, 0.48940716587223776, 1.0586950311158394, 1.778361528276295, 0.028995674998321546, 0.2610899085907674, -1.9697147610539212, 1.4781422164386042, 0.600587137083333, 1.000700172697158, -0.25915125951876844, -0.31487548835826856, -1.3512910175387944, 3.8656959289351156, 0.13727522987059204, -0.11010146293764315, 2.1292446986106524, 0.7353448506621305, -0.14891693691402919, -0.5335924179449434, 0.944830165309845, 1.102226811190575, 2.3332877359104525, 9.374523906075572, -2.902737982721739, 0.1339080777964665, 0.2728430475053115, 0.48338693188890436, 16.034545025255895, -14.311119920625185, -0.8003003935247722, -0.9177795800623787, -2.1605105931737656, 8.860148899963898, -15.777328842752528, -1.0307132724767678, -0.9053255512447278, -1.8569557599765305, 2.9223660624685075, -10.878997011612576, 0.14152985388748765, 0.22691371110511543, 0.20578914162575807, -0.13503515658394757, 0.6115230767453312, -0.28790989309230375, -0.14536624968964135, -0.8107884462256274, -0.5070901931076217, 0.30977931190334884
1, 0.16520668001168756
0.05123867693563755, -0.025322992398838673, 2.155640395727842, -2.383335738864279, 0.2188753849246707, -0.3431199910193403, 0.6802479514789359, -0.6714208423780919, 2.2065103052047284, 0.37770712545048907, -1.737713384664191, -2.5967770160370325, 0.04856895516809655, -0.05782084048271589, 2.060882336003804, -2.2998120081806848, 0.2982297525958024, 0.09019420689977753, 0.5250794392971955, -0.268658603401659, 2.4420234961111555, 0.43876150109238016, -1.9935084423217335, -2.554704596325455, -0.005936313238980033, 0.061332998201512466, 6.802284411557286, -8.044987280687703, 0.2176546180828702, 0.06486539015910292, -0.7818614173101469, 1.4757499783630985, -1.5891394893607043, 4.719562778503327, 0.9707921488587667, -3.8603332848383847, -4.688428543306137, 0.1837915652502247, 0.27112259770414293, -0.6754276407120134, -0.21992729539273642, 0.450560111858573, -0.29365250389909864, 6.358442613204607, 5.189812689664238, 3.2493725245865814, 2.0392111210352564, -0.19816877818914477, -0.2383135497301092, 0.7444706215915574, 0.2043345240322936, 0.6139926364049202, -0.34716941458154676, -1.546804498543151, -5.095546332922781, -7.189803376628549, -7.50590773753083, -0.007801128245707721, -0.6918990975435366, -0.5808891704597768, 0.259045062572251, 0.2350461382181874, 0.04543584654996291, 0.13325932634770044, 0.09741965695896614, 0.5756298970302306, -0.3969885749675184, 0.05847355142829071, 0.04251964021009911, 0.23765413740558386, 0.014590386939683017, 0.23735630392854218, -0.04359604164794517, 0.5983224716585127, -0.4239979961334912, -0.089894368160148, -0.1445828897418104, -1.1599633287668483, 0.15611735395076057, 0.23886516817560718, -3.387946009017648, 3.8289458777523047, 0.10025455370536182, -1.024278488922974, -2.534119910312304, -2.5479375158816437, -9.97977494048724, 1.2383003823034167, 0.2798831692248361, 0.22485595245007695, 1.5289203334998915, -0.24705611951062953, -0.4223586309793804, -1.312583757081372, 2.022082631696336, 2.0443420593199186, 10.14715071615215, -1.4232179519027854, 0.2359100001812453, 0.3105840017510994, -1.9149640277337898, -0.10486150153060353, 2.0885637083548705, -0.10971429256458298, 0.43803900158007536, 0.37679469767820156, 3.1839428475599356, -0.5319759690259832, 1.765213992457388, 0.06329531436053043, 0.01866785431423655, 0.5067494352570419, -1.1116244790102856, 1.2191024353950126, -0.20882737478136498, -0.24602975579472314, -2.1923350705406603, -1.393873704090027, 0.7637507678676901, -0.5885788079621155, -0.6032382297218697, -3.82403448937774, -2.178947479261357, 0.5801759702113285, 0.2722236967096458, 0.2530638165551998, -0.39034221033680205, 1.3000172705920392, -0.8868907687966257, 0.26294225112957986, 0.23583382743151352, -0.9256420571913927, 0.6909962982039118, -1.1528378188584723
0.1557759968338852, -0.056292204480577125, 0.3235916307712642, -0.32942682799708545, 0.12446848595144648, -0.10246677956320327, -1.994223527216806, 1.3875667906485631, 0.6496095360374026, 0.07709623413367667, -0.3315742784600684, -0.9122871633456152, 0.15603317575620124, 0.04521615960982145, 0.45890638463559025, -0.44040173360685636, -0.019227590334849526, -0.17234987627600729, -2.5046551973039155, 1.8244076716370285, 0.5703489009069677, 0.025687844356006427, -0.34999880204342637, -0.9148284432057034, -0.05879515906285845, -0.09877329762363692, 0.009536621279702982, -0.05527894754485456, -1.7865752007367488, -0.0866117056585228, -3.992032080491735, -18.977971812505164, 19.34271866127171, 8.928022424144306, 1.4191256343254897, -6.0371097041878805, -10.967891947143345, 3.033370768732603, 2.878894940861121, 6.520819505468135, 0.07480574806599341, 0.47695781740071685, 0.1605679632060112, 0.44161546728681517, 0.23874183025626497, 0.13542906076446742, 0.026760598143112758, -3.3309810649215255, -3.194217211517599, -7.492126867755394, -0.025799917632786648, -0.42743831032879637, -0.18545367057995038, 0.2364826694007206, -0.07073457369152512, -0.26035028651491854, -0.4786894223393524, 1.1320277124366778, 0.4938097318676958, 0.45307178491309025, 0.35156209931619875, 1.2046410379370491, 0.02884480758759214, 0.6104076039945509, 0.5735364073160807, 0.8362489654443906, 0.8455571407441674, 0.5658698032901678, -0.3380392263511571, 1.1631169356839648, 0.8114066605960824, 0.5832941104830726, 0.6889836910275221, 0.35558661121022, 0.31421514845421517, -1.1537760938829935, 0.14536125744702053, -2.862133515761975, 0.3571553412133264, -0.33270927302654985, 1.6863779708435873, -2.5387135072819156, -1.6386720272075053, -2.9468314916297684, 1.3253232297500384, 1.1749792675483333, 2.379811526771434, -1.3717908771232672, 0.22695047344252706, 0.38669590920720875, -4.337740649141612, -0.79849633467004, 1.466104306959386, 1.2997614516609246, -1.4303392791116243, -0.40515353954439376, -3.336754867016368, -2.350495273862342, 0.2885734371311202, 0.06853271829355809, 4.4859316488937235, -0.8853149485145232, -2.3038292689337925, -1.2665875222095002, 3.644884867999186, 3.946363011569998, 13.645895067888544, 8.430817795716498, 0.9160904148393771, 0.6146810786703506, 0.6834850469462601, 2.7961570569699004, 0.11118897569131855, 1.0614901538415922, -2.6433142923255804, -3.0986337506423656, -10.850611642431689, -1.0402382715142913, -3.987090216342434, -4.468845146009859, -4.397025034492856, -14.093779601002266, -0.9635837225902846, -10.285056581243797, 0.4670534675658139, 0.9087169421883893, -0.30032862815409495, -1.5155260731997235, 1.7072729131363267, -0.4901524050888767, -0.03929269956242387, -2.919611463497438, -0.9762118876542432, 0.25326987309604626
1, 0.14557586293511238
-0.5877540211837946, 0.5321857461617246, -0.0861092635055899, 0.725400544795629, 1.9402862076361533, -3.7528779815187536, -0.2359837877401532, 0.3490709816017241, 0.5699634871303788, -0.23546053851680748, 0.5951441587241442, 1.8147629330138448, -0.5719710355898506, 0.6939047019654946, 0.05055916870427421, 0.7498468912233877, 1.7780044520605698, 1.241718064253466, 0.5872435208170349, 0.9166754876611859, 0.22380742577952736, -0.6435294239666934, 0.10506426780744871, 1.497051354377347, 0.09761957771971592, -0.055213385053526395, 0.27953705058794015, 2.1604462136131146, -2.163491696833284, 1.5344150972420554, -6.791816558185883, -2.396849936940947, -0.9130755767905125, 0.6869798148558821, -1.179939985032395, 0.5146079666562511, 2.975299629323232, -0.20532593012530143, -0.2601454070514199, 1.5312078913646772, -0.24055705326856414, 3.2667540347298916, 1.1807018086898171, -1.2944807567633172, -4.487068185568551, 1.5804633816090647, 4.840784305462363, -0.0873869833017696, -0.09804277097802928, 1.153405435554595, -0.22189512415209406, 3.256855510251451, 0.3960189254372596, 4.760865166848523, -2.3317330414728374, -2.348224919179431, 1.2377480698044696, -0.2630817401413482, -0.027809558073279582, -0.1709727138400526, 0.6530563850477347, 1.6739275666515143, -1.134720269137136, 0.6554814328280733, 0.655933161447063, -0.17192020124181895, 0.4456780894547286, -0.7665351988060861, 0.08078369385144021, 1.6746091980526625, 0.6466168912232105, 0.5532579933463585, 0.6974747897685406, -1.5601958251896704, -1.723575116801375, 2.0558073284311136, 1.8874273823478172, -2.5381495418220608, 1.8703408388943203, 0.5300979789434366, 2.752393854021718, 0.3373134812526123, -5.548136751422247, -5.740906206356034, 1.5101515293798722, 1.828937773423001, 5.278123552659543, -0.6993640903478674, 1.625896953655052, 1.6801105683432052, -2.6337225363758106, 0.08320769774646107, -4.012344599459697, 1.9219278433427076, 0.7454799266926935, 1.2338187819388278, 1.246242706599235, -0.9153303120328973, 1.642807655306396, 1.5931753763975067, -1.2835213524157663, 0.20372528051351144, 0.15827949848105452, -3.6958330463625315, -0.1019162658808706, 0.14607209131433319, 0.25401072685197135, 1.141733512518365, -1.961049678180177, -0.0697370415196866, 0.17427050810409636, -0.5146318338146622, -0.3775267205194526, -0.7588884013176863, -0.018908045737847122, 0.28149686005735197, 0.19950322184038832, -1.004208771270346, 0.21993813178212035, 0.12012836900179506, 0.3352079075727731, 1.783419680592033, -2.7346629488717538, 0.9858244253816055, 0.9069841675708848, 2.2603173516859343, -6.144252279046721, -0.324810786938638, 0.015504843936560743, 0.8950109481765739, 2.343514748758662, -5.798286492741268, -0.7805398704670148, 0.6894831521243182
-1.2177425446465153, -0.04940931800729395, -0.20554001298604782, -0.08405303967061424, -1.835745257927941, 0.08679696928489226, 0.30066797957805524, -0.26349263386294247, -0.7392713828037083, -0.7698865873491367, -0.6925642139531689, -0.46337148287766083, -1.3128163981869296, -0.5343229917370897, -0.43244230277785517, -0.22805383821597083, -0.27498937780148514, 1.6197625702586824, 1.6928556654834883, 1.0973995702458643, 0.374834374741924, 0.37082083460078646, 0.48533571905144957, 0.6013443251118148, 0.05174395720017629, 0.8529179226531187, 1.5450117280426292, 1.3197248903686938, -0.6822011234953408, 0.10627797855903084, -6.299884957773214, 9.27642426174783, 2.7446835635942803, 0.9169299783001389, -0.8209420385104836, 0.6216279724522589, 4.328894966914904, 0.05201838817913254, 0.3523984256341613, 0.6092754320682456, -0.15397006485449835, 0.8982584900838501, 0.9819625744722575, 1.189637692342202, 1.239146438228728, 0.312148559404641, -1.0567314721678653, 0.8711012758986262, 1.0760879102561816, 2.423479537078949, -0.16540482594497158, 1.083007004686951, 1.2470471110808181, -0.4539588524334132, 0.7728181526410425, 1.3407029925745746, 1.137788107588483, 4.446369959581866, -1.0245201634049839, 1.3383484986064358, 1.3977609769267152, 5.814299325842293, 2.793583558998031, 2.7893828520533464, 2.833422186197633, 1.9569464747056688, 1.9824302239771623, 4.306504081289783, 0.8837529919478444, 5.768121527289614, 1.495206097773484, 2.8146680390080823, 2.6751686646364727, 3.312011702754153, 3.245747769453178, -11.011404377168772, 3.6997255460434877, -19.352101371289738, -1.2964847169225, 0.47252972105157726, -3.5766495974371613, -2.049852149250998, -16.542633324051813, -16.035842440339636, -0.40043531157784656, 1.797309977670115, -4.503348169396457, -1.7042854816847186, 0.8308435695722384, 0.6852883639684082, 2.416358515879261, -0.7528515191125762, -0.06209357445555696, -2.1047212179424974, 0.4095681578706163, 2.4571099385775694, -2.4107351585772108, -1.7128467894132136, 0.7778634585221516, 0.8964205985406071, -0.21235294117975126, -0.759545610992097, -0.9324960257752161, 0.8618509283068404, 1.124029295386265, -0.49271894406155864, 1.9306776634546512, -0.5146031543446871, 1.6769961571775338, 0.5987959161720434, -1.3465531203165917, -1.9497128665940548, 4.216896121575715, 6.586792249635269, 1.3458822713181622, -0.5106704627778121, 1.6172607763926563, 4.783911250439416, 1.9757346145915584, 2.5805411837597068, 1.098336863140763, 6.948341817820977, 1.7187831969652048, 1.6130705588963532, -0.012469456890599442, -1.4744519002211696, -14.508802603571459, -6.106566200294785, 0.6794644722677141, 0.3151026465251245, -2.0195489873862473, -15.808650225593926, 1.96513161860753, -6.0432665807399255
1, 0.11911776718085518
-0.08026791442687, 0.5433076678231362, -0.027151962071254112, 0.25500624797921767, -4.4089891653144635, 3.2133658386500876, -0.14405236231990162, -0.2959197075705865, -0.33326217290333016, 0.9026556638561328, 0.4759745517618973, -1.291854154453712, -0.21930073706857006, 0.40477028724549446, -0.13701496580062933, -0.6305034988647353, 4.38649087110794, -6.1568848551006905, 0.537006472137591, 0.019276531365622067, 0.5013250886075137, 2.0033622507565703, 1.6549370617560675, -0.09151581989809815, -0.4590951057940971, 1.0654256407458227, -0.16762813822894737, 0.5358420172035087, 24.16275179274519, -22.72586204816141, -0.3163739156091811, -0.7822674015377948, -1.273207878674485, -1.1951735417696818, 1.8961304137794432, 0.8683505922872207, -2.7279470665168426, 0.11145585068616856, 0.16089273723443454, -0.36332372210642944, 0.01879982740889008, -0.6663672970108862, 0.6910720605790894, -0.5326863419638728, 1.6641406708683821, -0.09384096964630632, -0.6153507635926261, -0.2261932106993767, 0.263384399338785, -0.1616186676547516, 0.006150994835722942, -3.088213281459668, 1.2810255096721173, -0.5712636022200851, 1.7720211322547006, 2.867889572352891, -1.566767914358487, -0.07381157085276664, -0.44590432628187465, 0.06454454082889283, 0.053064189901649496, 0.7320302598368101, 8.590872333887061, -0.5446500780523675, -0.11806346425542769, -9.085714417519165, -10.756854607798013, 0.20358287184773594, 1.156449661713945, 0.7895924241534209, -10.154695113960297, 0.5891763144342819, -0.053574831480141145, 9.495002078364355, 9.036041404472337, 2.455761356599512, 1.2908421525138896, 2.115669161598434, -7.257771715564086, 8.256621462835103, -3.8870427431070724, -2.205340258140712, 0.12563881802538984, -1.4333086617331758, 1.700910460623932, -0.2148786682004904, -4.316665654071805, -0.012646463659922173, 0.8114175854150331, 0.16384394139451494, -0.7545655366575003, 0.258983977995661, -0.1523839136868829, -2.7478908464917415, 1.6150053144249814, 0.6633980176754606, -2.586414039294963, 0.1878693735230455, 0.3856260017900889, 0.4789267425920976, -1.2583527849861895, 0.10137583454235134, 0.04603484155814869, -0.9314472194508159, 0.6307736098786584, 0.12733076053471765, -0.5340924616404308, -0.22908382968984978, 0.10273610788805411, 0.7020332053874702, 0.14495874411678863, 0.4987352738307742, 0.06866183088016817, -0.0062053780880746935, 0.6905932449079255, 0.11713911272465347, 0.21999700882664708, 0.21517684649783234, -0.09646543305589601, 0.6919270459120507, -0.04956063662236103, -1.3595138214324003, 0.6288954504701197, -0.17568338725275684, 8.22451727717458, -7.940428484080483, 0.07473392449086934, 0.03027840639352545, -0.47434050481489065, 8.038838838068516, -8.495323584741465, -0.5395002171115172, 0.018349329428062597, -0.5942794748742656
0.1594402857711456, -0.4064858810610111, -0.17257271550227762, 0.16330303707602198, -1.022150530969283, -1.3316123032422704, -0.5732449498605597, -0.4009610496403792, -0.6817237334580221, -0.9187281180572658, -0.9031016188034717, -0.7537516510799512, -0.21678636162186182, -1.0956151558143807, -0.33238064647160975, -0.5606397484429902, -0.07185074566712012, -0.8047711049804545, 1.1704159442608273, 0.5674155751713791, 0.12293147201281017, -0.07218695339354382, 0.022896993105360884, 0.38745706234379323, -0.5931801900398443, -0.35849367770781054, 0.051095552769644066, 0.01840333623693316, -0.3606883666222796, -2.1873830931350535, -3.418101646777322, 6.043993151669311, 4.637142322451116, 0.3914297477999733, -0.47382218841073115, -0.16019543840430786, 1.0103791595116287, 0.8982551299305573, 1.1821277579941678, 3.1565851347432696, 0.017196657228669025, -0.2724326362028299, 0.14512726738224763, -0.25701172293925584, 0.016592345616622484, 0.21018787949374548, 0.43548143587132837, 0.39630689475198233, 1.611920483046945, 2.8027345697368076, 0.010224751476206282, -0.5584883629727526, 0.07728001235936392, 0.610004900952448, 0.23345422923877973, 0.011160590921199332, -0.2278689825888895, -7.390597982739779, -15.980395042710807, 0.5373139731419593, 1.2737604200966177, -0.6721655776547789, 10.155586513906817, -0.7777478199435606, -0.3996195291195535, -11.178960570469531, -11.189035508380885, 9.674230490131995, 20.40842841224299, -0.49316694928642946, -11.599274286750154, 0.1279952800703251, -0.1612751646445214, 11.483876057015964, 11.563770340029961, -10.203418801555674, 15.973467315180443, 0.1602909911933345, -12.728490561302875, 13.75008994795519, 0.5287950063253307, 0.6745360690568817, -0.8897749733532765, 0.14144417168684073, 0.41433268548962904, -0.8827436842788636, 0.7729668654989776, -1.5430437953294756, 0.6892254557233588, -0.6279762563939842, 3.387140779476773, -0.26311372720577575, 0.018787295796658166, 0.018517997365671442, 0.28791752221644257, -0.3258133349930895, 1.0469733139488824, -1.5985981626962447, 0.28685705791843635, -0.13915834965636217, 2.560350906396455, -0.3123609207702712, 0.2742592563332095, 0.21232671504589024, 0.5357912735938515, -0.8511970476610133, 0.618164535900267, 3.86829605233638, -0.5604789551088918, -0.38525949626305134, -2.0772512530352922, -2.094454742276096, 1.7970284045962734, -0.3989434547655501, 0.006130489142282208, -1.8222984988811566, -0.9160029664684564, -0.24730797374660676, 1.4100986859152813, 1.1685129076259821, -0.6682800929544171, 1.8105599991330692, -0.4091258437123096, 4.231404830019111, 13.061772222896781, -12.992698730628124, -1.0125121384349376, -0.02371910900879733, 0.13070209887177622, 13.90372978629938, -13.410302585724942, 1.376220031592436, 1.9755159031787464, 0.24999697881762728
